transaction_id,customer_id,product_id,quantity,transaction_date,price,total_amount
1,291,50,2,2023-11-22,209.71,419.42
181,405,50,2,2023-01-26,209.71,419.42
357,232,50,4,2023-07-20,209.71,838.84
409,8,50,2,2024-04-08,209.71,419.42
498,183,50,4,2023-09-12,209.71,838.84
541,224,50,3,2024-08-05,209.71,629.13
543,256,50,4,2023-02-26,209.71,838.84
618,500,50,4,2023-07-02,209.71,838.84
623,314,50,2,2023-03-15,209.71,419.42
887,117,50,1,2023-02-18,209.71,209.71
977,44,50,3,2023-07-24,209.71,629.13
1148,454,50,3,2023-01-21,209.71,629.13
1390,380,50,4,2023-07-07,209.71,838.84
1442,90,50,2,2023-01-22,209.71,419.42
1462,324,50,2,2024-06-16,209.71,419.42
1788,365,50,3,2023-02-11,209.71,629.13
1805,443,50,4,2023-09-19,209.71,838.84
1813,114,50,4,2023-12-11,209.71,838.84
1980,127,50,1,2024-07-19,209.71,209.71
2122,438,50,2,2024-07-30,209.71,419.42
2267,461,50,3,2023-06-04,209.71,629.13
2381,450,50,2,2023-03-04,209.71,419.42
2405,137,50,3,2023-08-05,209.71,629.13
2412,426,50,4,2023-11-10,209.71,838.84
2458,91,50,1,2023-04-30,209.71,209.71
2650,405,50,4,2023-03-29,209.71,838.84
2780,12,50,2,2023-04-14,209.71,419.42
2,263,67,2,2023-06-14,302.8,605.6
81,303,67,4,2023-06-04,302.8,1211.2
129,481,67,4,2024-01-07,302.8,1211.2
175,336,67,3,2023-07-06,302.8,908.4000000000001
203,110,67,3,2023-05-30,302.8,908.4000000000001
270,156,67,1,2024-07-01,302.8,302.8
366,42,67,2,2023-10-02,302.8,605.6
368,113,67,4,2023-06-28,302.8,1211.2
436,51,67,4,2024-06-04,302.8,1211.2
755,350,67,3,2024-05-06,302.8,908.4000000000001
952,214,67,2,2023-12-02,302.8,605.6
960,92,67,1,2024-03-24,302.8,302.8
963,381,67,1,2024-02-25,302.8,302.8
1019,336,67,3,2023-02-21,302.8,908.4000000000001
1216,110,67,3,2023-01-08,302.8,908.4000000000001
1339,67,67,3,2024-05-11,302.8,908.4000000000001
1465,127,67,2,2023-02-02,302.8,605.6
1467,82,67,2,2023-08-22,302.8,605.6
1561,48,67,1,2023-06-15,302.8,302.8
1639,122,67,3,2023-06-21,302.8,908.4000000000001
1764,75,67,4,2024-03-10,302.8,1211.2
1947,10,67,1,2024-01-13,302.8,302.8
1955,14,67,4,2024-06-30,302.8,1211.2
1961,408,67,1,2023-09-08,302.8,302.8
2019,338,67,3,2023-01-19,302.8,908.4000000000001
2235,471,67,3,2023-04-25,302.8,908.4000000000001
2276,491,67,1,2023-04-05,302.8,302.8
2538,483,67,4,2023-12-01,302.8,1211.2
2600,397,67,4,2023-09-14,302.8,1211.2
2696,109,67,1,2024-02-22,302.8,302.8
2881,148,67,3,2024-01-04,302.8,908.4000000000001
2983,39,67,3,2023-10-04,302.8,908.4000000000001
3,85,62,2,2024-07-26,403.97,807.94
172,462,62,2,2023-10-12,403.97,807.94
209,387,62,3,2023-01-07,403.97,1211.91
279,260,62,4,2023-04-11,403.97,1615.88
288,221,62,1,2023-12-09,403.97,403.97
303,155,62,1,2024-06-18,403.97,403.97
331,493,62,2,2024-08-08,403.97,807.94
362,413,62,2,2024-03-20,403.97,807.94
364,42,62,3,2023-12-25,403.97,1211.91
583,281,62,4,2023-09-25,403.97,1615.88
668,119,62,4,2023-12-01,403.97,1615.88
677,186,62,4,2023-10-22,403.97,1615.88
732,148,62,4,2023-09-01,403.97,1615.88
765,426,62,3,2023-11-19,403.97,1211.91
780,356,62,4,2023-12-05,403.97,1615.88
868,21,62,1,2024-04-05,403.97,403.97
872,87,62,4,2024-01-18,403.97,1615.88
996,8,62,2,2023-05-06,403.97,807.94
1083,372,62,2,2024-02-21,403.97,807.94
1165,191,62,1,2024-05-04,403.97,403.97
1373,142,62,1,2023-03-11,403.97,403.97
1602,176,62,1,2024-07-14,403.97,403.97
1875,260,62,2,2024-07-13,403.97,807.94
1996,343,62,1,2024-07-21,403.97,403.97
2165,378,62,3,2024-01-26,403.97,1211.91
2289,174,62,2,2023-06-19,403.97,807.94
2394,427,62,3,2024-06-04,403.97,1211.91
2417,170,62,2,2024-02-14,403.97,807.94
2429,349,62,4,2024-07-25,403.97,1615.88
2514,405,62,3,2024-06-17,403.97,1211.91
2578,138,62,1,2024-08-01,403.97,403.97
2739,488,62,4,2023-11-30,403.97,1615.88
2774,500,62,4,2024-07-15,403.97,1615.88
2854,177,62,3,2023-09-09,403.97,1211.91
2984,369,62,4,2024-01-29,403.97,1615.88
4,146,58,4,2024-03-30,285.82,1143.28
43,130,58,3,2024-04-17,285.82,857.46
55,300,58,2,2024-08-11,285.82,571.64
110,321,58,4,2023-11-10,285.82,1143.28
205,310,58,2,2023-10-26,285.82,571.64
301,483,58,3,2024-08-14,285.82,857.46
306,14,58,4,2023-04-09,285.82,1143.28
320,138,58,4,2023-05-10,285.82,1143.28
463,292,58,4,2024-03-17,285.82,1143.28
620,86,58,1,2023-03-13,285.82,285.82
804,473,58,2,2023-01-13,285.82,571.64
916,2,58,4,2023-03-29,285.82,1143.28
919,57,58,4,2024-04-20,285.82,1143.28
925,435,58,1,2024-06-26,285.82,285.82
964,489,58,4,2023-11-18,285.82,1143.28
1058,162,58,3,2023-06-20,285.82,857.46
1109,248,58,3,2023-10-13,285.82,857.46
1155,343,58,1,2023-06-16,285.82,285.82
1261,68,58,4,2024-01-28,285.82,1143.28
1398,318,58,1,2024-06-23,285.82,285.82
1540,429,58,1,2024-08-14,285.82,285.82
1641,37,58,3,2023-11-07,285.82,857.46
1849,292,58,4,2024-05-31,285.82,1143.28
1888,290,58,3,2023-10-24,285.82,857.46
1918,120,58,1,2023-11-12,285.82,285.82
2145,258,58,4,2023-12-30,285.82,1143.28
2277,321,58,2,2024-04-08,285.82,571.64
2462,274,58,1,2023-09-07,285.82,285.82
2536,378,58,4,2023-04-18,285.82,1143.28
2659,81,58,2,2023-06-04,285.82,571.64
2706,352,58,2,2023-02-01,285.82,571.64
2745,147,58,3,2024-01-11,285.82,857.46
2783,331,58,2,2024-04-24,285.82,571.64
2861,291,58,4,2024-01-11,285.82,1143.28
5,323,33,1,2023-06-02,449.53,449.53
149,311,33,2,2023-03-23,449.53,899.06
171,158,33,2,2023-02-11,449.53,899.06
394,200,33,3,2023-08-18,449.53,1348.59
544,86,33,3,2024-01-11,449.53,1348.59
847,127,33,3,2023-03-11,449.53,1348.59
1555,335,33,3,2023-08-09,449.53,1348.59
1652,285,33,3,2024-04-28,449.53,1348.59
1791,329,33,3,2024-06-12,449.53,1348.59
1864,164,33,2,2023-11-14,449.53,899.06
1874,384,33,1,2023-05-12,449.53,449.53
1889,45,33,1,2024-08-15,449.53,449.53
2065,293,33,1,2024-01-08,449.53,449.53
2380,336,33,3,2024-07-14,449.53,1348.59
2508,199,33,4,2024-07-08,449.53,1798.12
2833,57,33,1,2023-06-19,449.53,449.53
2876,230,33,2,2023-02-27,449.53,899.06
2893,134,33,4,2023-05-25,449.53,1798.12
6,42,75,3,2023-05-07,450.51,1351.53
282,40,75,4,2023-04-16,450.51,1802.04
421,133,75,2,2023-04-14,450.51,901.02
444,320,75,1,2023-04-04,450.51,450.51
448,480,75,4,2024-05-22,450.51,1802.04
505,473,75,1,2023-08-18,450.51,450.51
515,174,75,4,2023-02-02,450.51,1802.04
567,278,75,1,2023-02-20,450.51,450.51
855,143,75,2,2023-10-15,450.51,901.02
1025,363,75,4,2023-03-09,450.51,1802.04
1271,127,75,1,2023-07-16,450.51,450.51
1286,469,75,1,2023-05-03,450.51,450.51
1395,245,75,1,2024-04-13,450.51,450.51
1447,8,75,1,2023-04-11,450.51,450.51
1460,146,75,1,2024-02-01,450.51,450.51
1464,161,75,3,2024-03-19,450.51,1351.53
1627,475,75,3,2023-01-29,450.51,1351.53
1631,262,75,4,2023-05-31,450.51,1802.04
1739,395,75,4,2024-05-08,450.51,1802.04
1839,370,75,1,2023-11-20,450.51,450.51
2042,394,75,1,2023-08-31,450.51,450.51
2148,356,75,2,2023-05-15,450.51,901.02
2152,409,75,4,2024-01-06,450.51,1802.04
2280,52,75,3,2024-01-08,450.51,1351.53
2336,240,75,2,2024-03-03,450.51,901.02
2341,351,75,2,2023-10-04,450.51,901.02
2378,299,75,4,2023-09-13,450.51,1802.04
2582,422,75,3,2024-05-16,450.51,1351.53
2758,376,75,4,2024-06-04,450.51,1802.04
2784,389,75,4,2023-08-29,450.51,1802.04
2885,483,75,4,2023-01-17,450.51,1802.04
7,374,16,3,2023-07-12,261.95,785.8499999999999
218,405,16,1,2023-12-03,261.95,261.95
322,314,16,4,2023-05-12,261.95,1047.8
339,465,16,3,2024-03-07,261.95,785.8499999999999
441,350,16,2,2023-04-20,261.95,523.9
581,108,16,4,2024-07-28,261.95,1047.8
725,313,16,2,2024-04-26,261.95,523.9
819,120,16,2,2024-06-26,261.95,523.9
944,391,16,3,2024-04-30,261.95,785.8499999999999
1164,143,16,3,2024-05-04,261.95,785.8499999999999
1287,255,16,4,2023-12-08,261.95,1047.8
1292,357,16,4,2024-01-08,261.95,1047.8
1332,455,16,2,2023-01-15,261.95,523.9
1361,283,16,4,2023-12-05,261.95,1047.8
1430,108,16,4,2023-07-07,261.95,1047.8
1431,19,16,4,2024-07-22,261.95,1047.8
1472,424,16,2,2024-03-14,261.95,523.9
1564,118,16,4,2024-04-18,261.95,1047.8
1574,7,16,3,2023-04-11,261.95,785.8499999999999
1635,245,16,3,2024-03-08,261.95,785.8499999999999
1821,394,16,1,2024-06-11,261.95,261.95
1908,13,16,2,2023-03-24,261.95,523.9
1959,500,16,4,2023-08-22,261.95,1047.8
2082,380,16,2,2023-12-07,261.95,523.9
2173,272,16,2,2023-10-27,261.95,523.9
2180,283,16,1,2023-01-26,261.95,261.95
2217,471,16,1,2024-03-15,261.95,261.95
2290,242,16,1,2023-02-08,261.95,261.95
2307,224,16,3,2023-01-26,261.95,785.8499999999999
2457,359,16,4,2023-04-08,261.95,1047.8
2476,365,16,3,2024-04-11,261.95,785.8499999999999
2619,39,16,4,2024-03-22,261.95,1047.8
2644,324,16,1,2023-08-09,261.95,261.95
2850,468,16,2,2024-06-15,261.95,523.9
2860,345,16,3,2023-08-05,261.95,785.8499999999999
2866,74,16,3,2024-03-10,261.95,785.8499999999999
2924,356,16,2,2024-04-08,261.95,523.9
8,125,82,3,2024-06-13,335.44,1006.3199999999999
12,459,82,1,2024-04-25,335.44,335.44
37,425,82,4,2023-05-24,335.44,1341.76
261,56,82,4,2023-10-14,335.44,1341.76
513,288,82,4,2023-03-07,335.44,1341.76
656,488,82,4,2024-03-03,335.44,1341.76
711,350,82,4,2023-05-11,335.44,1341.76
821,336,82,4,2024-03-17,335.44,1341.76
828,70,82,2,2023-06-16,335.44,670.88
931,495,82,3,2023-08-25,335.44,1006.3199999999999
1284,494,82,2,2024-04-24,335.44,670.88
1391,353,82,4,2023-03-27,335.44,1341.76
1782,92,82,2,2023-12-20,335.44,670.88
1885,461,82,4,2023-08-14,335.44,1341.76
1894,16,82,3,2023-11-14,335.44,1006.3199999999999
2032,186,82,1,2023-02-06,335.44,335.44
2033,471,82,2,2023-05-20,335.44,670.88
2058,94,82,2,2024-04-17,335.44,670.88
2115,326,82,1,2024-04-26,335.44,335.44
2279,175,82,3,2023-07-06,335.44,1006.3199999999999
2310,277,82,2,2024-05-30,335.44,670.88
2404,44,82,2,2024-05-06,335.44,670.88
2434,10,82,1,2023-10-02,335.44,335.44
2503,282,82,2,2024-04-29,335.44,670.88
2709,402,82,4,2023-01-13,335.44,1341.76
2797,59,82,1,2023-08-14,335.44,335.44
2805,197,82,4,2024-06-29,335.44,1341.76
2824,477,82,1,2024-04-08,335.44,335.44
2995,299,82,3,2023-04-09,335.44,1006.3199999999999
9,167,94,1,2023-01-10,305.51,305.51
147,196,94,1,2024-01-31,305.51,305.51
346,308,94,1,2023-11-21,305.51,305.51
347,256,94,2,2023-04-24,305.51,611.02
369,105,94,3,2024-04-21,305.51,916.53
372,120,94,3,2023-04-14,305.51,916.53
551,269,94,2,2024-06-15,305.51,611.02
557,436,94,1,2023-10-06,305.51,305.51
605,473,94,2,2023-10-16,305.51,611.02
613,66,94,3,2023-06-21,305.51,916.53
641,101,94,1,2023-07-13,305.51,305.51
754,113,94,1,2023-03-23,305.51,305.51
827,205,94,4,2023-04-01,305.51,1222.04
832,228,94,3,2024-05-30,305.51,916.53
1055,21,94,1,2024-03-27,305.51,305.51
1199,190,94,4,2024-06-28,305.51,1222.04
1262,476,94,4,2024-05-03,305.51,1222.04
1410,344,94,4,2024-02-24,305.51,1222.04
1804,323,94,3,2023-08-09,305.51,916.53
1842,113,94,2,2023-03-02,305.51,611.02
1867,191,94,1,2024-03-29,305.51,305.51
2026,112,94,4,2024-04-02,305.51,1222.04
2238,4,94,2,2023-10-27,305.51,611.02
2351,184,94,2,2023-04-03,305.51,611.02
2425,278,94,3,2023-04-17,305.51,916.53
2450,468,94,2,2023-11-29,305.51,611.02
2468,91,94,2,2023-08-14,305.51,611.02
2781,126,94,3,2023-04-05,305.51,916.53
2936,137,94,3,2023-12-22,305.51,916.53
10,425,48,3,2023-04-02,359.49,1078.47
187,466,48,4,2023-05-10,359.49,1437.96
189,276,48,2,2023-11-04,359.49,718.98
247,467,48,1,2024-05-20,359.49,359.49
296,485,48,2,2023-09-23,359.49,718.98
410,333,48,4,2024-03-25,359.49,1437.96
425,314,48,1,2024-02-18,359.49,359.49
450,220,48,1,2024-01-16,359.49,359.49
483,269,48,1,2023-01-03,359.49,359.49
589,186,48,4,2024-05-25,359.49,1437.96
692,305,48,2,2023-06-17,359.49,718.98
723,303,48,3,2024-02-16,359.49,1078.47
932,424,48,4,2023-06-30,359.49,1437.96
983,167,48,3,2024-07-19,359.49,1078.47
1142,483,48,2,2024-04-16,359.49,718.98
1267,110,48,3,2023-02-25,359.49,1078.47
1296,201,48,4,2023-09-11,359.49,1437.96
1512,258,48,2,2023-06-24,359.49,718.98
1830,152,48,3,2024-02-07,359.49,1078.47
1833,286,48,2,2023-10-01,359.49,718.98
2025,198,48,1,2023-03-26,359.49,359.49
2123,65,48,3,2023-08-09,359.49,1078.47
2198,244,48,2,2024-04-19,359.49,718.98
2347,68,48,4,2023-08-22,359.49,1437.96
2388,478,48,2,2023-09-16,359.49,718.98
2390,484,48,4,2023-02-14,359.49,1437.96
2761,313,48,4,2023-01-21,359.49,1437.96
2901,326,48,1,2023-04-20,359.49,359.49
2911,154,48,4,2023-02-11,359.49,1437.96
2940,138,48,3,2023-05-18,359.49,1078.47
2946,416,48,3,2024-07-27,359.49,1078.47
11,241,10,4,2023-05-19,303.71,1214.84
155,342,10,2,2023-01-24,303.71,607.42
349,117,10,1,2023-06-15,303.71,303.71
469,217,10,4,2023-05-22,303.71,1214.84
625,12,10,2,2024-05-11,303.71,607.42
644,111,10,3,2024-08-22,303.71,911.1299999999999
671,221,10,3,2023-02-27,303.71,911.1299999999999
771,349,10,4,2023-05-26,303.71,1214.84
958,214,10,4,2023-03-04,303.71,1214.84
1021,365,10,3,2023-06-20,303.71,911.1299999999999
1269,425,10,1,2024-07-11,303.71,303.71
1423,395,10,2,2023-01-18,303.71,607.42
1482,258,10,3,2023-02-13,303.71,911.1299999999999
1509,400,10,2,2023-04-24,303.71,607.42
1534,277,10,2,2023-08-23,303.71,607.42
1785,239,10,4,2023-11-15,303.71,1214.84
1936,275,10,2,2023-11-15,303.71,607.42
1975,462,10,4,2023-08-15,303.71,1214.84
2201,12,10,4,2024-07-10,303.71,1214.84
2321,302,10,3,2023-11-13,303.71,911.1299999999999
2649,123,10,2,2024-03-31,303.71,607.42
2718,289,10,2,2024-03-22,303.71,607.42
2858,266,10,4,2023-06-22,303.71,1214.84
2975,43,10,3,2024-01-24,303.71,911.1299999999999
2980,212,10,2,2023-12-18,303.71,607.42
13,487,38,2,2024-03-24,179.05,358.1
71,116,38,2,2024-03-23,179.05,358.1
73,150,38,1,2023-07-21,179.05,179.05
365,21,38,4,2023-05-25,179.05,716.2
367,397,38,1,2024-05-23,179.05,179.05
424,232,38,2,2023-07-29,179.05,358.1
453,136,38,1,2023-03-17,179.05,179.05
502,315,38,1,2023-09-28,179.05,179.05
552,466,38,2,2023-11-25,179.05,358.1
658,405,38,3,2023-07-29,179.05,537.1500000000001
718,116,38,3,2023-12-31,179.05,537.1500000000001
751,259,38,1,2023-06-05,179.05,179.05
762,51,38,2,2023-12-15,179.05,358.1
908,454,38,3,2023-05-19,179.05,537.1500000000001
941,49,38,3,2023-01-17,179.05,537.1500000000001
998,476,38,1,2023-02-16,179.05,179.05
1079,189,38,4,2024-01-31,179.05,716.2
1090,377,38,1,2024-04-16,179.05,179.05
1382,486,38,2,2024-03-25,179.05,358.1
1478,243,38,4,2023-06-24,179.05,716.2
1560,75,38,2,2023-09-01,179.05,358.1
1704,484,38,4,2023-06-03,179.05,716.2
1775,242,38,4,2023-04-15,179.05,716.2
1886,173,38,3,2024-04-17,179.05,537.1500000000001
1943,23,38,4,2023-01-12,179.05,716.2
2077,256,38,2,2024-05-25,179.05,358.1
2149,398,38,1,2023-10-07,179.05,179.05
2342,156,38,1,2023-09-28,179.05,179.05
2440,155,38,2,2024-02-21,179.05,358.1
2493,221,38,1,2023-11-07,179.05,179.05
2564,365,38,1,2024-08-12,179.05,179.05
2593,332,38,1,2023-08-10,179.05,179.05
2689,3,38,3,2024-01-18,179.05,537.1500000000001
2763,328,38,4,2024-08-10,179.05,716.2
2969,411,38,1,2023-12-19,179.05,179.05
2977,41,38,4,2023-04-28,179.05,716.2
14,280,19,4,2023-11-29,173.92,695.68
164,166,19,1,2024-05-11,173.92,173.92
174,67,19,1,2023-05-18,173.92,173.92
234,20,19,1,2024-02-06,173.92,173.92
475,266,19,3,2023-06-01,173.92,521.76
615,112,19,2,2023-09-27,173.92,347.84
904,86,19,4,2023-02-15,173.92,695.68
1132,350,19,4,2023-03-28,173.92,695.68
1137,212,19,4,2023-01-12,173.92,695.68
1345,347,19,1,2023-09-16,173.92,173.92
1368,93,19,2,2024-05-17,173.92,347.84
1381,189,19,2,2023-01-22,173.92,347.84
1409,17,19,2,2024-07-31,173.92,347.84
1458,340,19,1,2023-10-29,173.92,173.92
1664,69,19,4,2023-05-02,173.92,695.68
1707,99,19,1,2024-03-15,173.92,173.92
1859,188,19,3,2023-05-18,173.92,521.76
1946,74,19,3,2023-04-22,173.92,521.76
2043,175,19,4,2024-02-19,173.92,695.68
2057,281,19,2,2024-05-01,173.92,347.84
2066,298,19,1,2023-12-05,173.92,173.92
2160,24,19,3,2024-01-10,173.92,521.76
2176,104,19,4,2023-09-09,173.92,695.68
2185,222,19,3,2023-01-05,173.92,521.76
2602,314,19,1,2024-08-19,173.92,173.92
2647,111,19,3,2024-07-15,173.92,521.76
2814,84,19,4,2023-06-22,173.92,695.68
2831,202,19,2,2024-08-02,173.92,347.84
2941,420,19,4,2024-07-19,173.92,695.68
2997,290,19,2,2024-05-28,173.92,347.84
15,188,36,2,2023-12-06,34.83,69.66
46,428,36,1,2023-03-07,34.83,34.83
108,248,36,4,2023-05-26,34.83,139.32
156,316,36,3,2023-11-07,34.83,104.49
255,130,36,3,2023-06-11,34.83,104.49
298,191,36,4,2023-11-29,34.83,139.32
329,474,36,3,2024-04-02,34.83,104.49
564,88,36,4,2024-07-03,34.83,139.32
648,394,36,2,2023-10-24,34.83,69.66
651,154,36,3,2023-02-21,34.83,104.49
797,316,36,2,2024-07-03,34.83,69.66
915,5,36,1,2023-03-29,34.83,34.83
1152,1,36,3,2024-03-23,34.83,104.49
1319,26,36,2,2024-02-24,34.83,69.66
1325,307,36,3,2023-09-18,34.83,104.49
1357,61,36,4,2024-08-21,34.83,139.32
1379,177,36,4,2023-09-14,34.83,139.32
1519,311,36,1,2023-11-14,34.83,34.83
1544,486,36,3,2023-07-21,34.83,104.49
1546,30,36,1,2024-04-01,34.83,34.83
1557,63,36,4,2024-01-03,34.83,139.32
1757,308,36,4,2024-08-17,34.83,139.32
1812,208,36,2,2024-02-02,34.83,69.66
1843,488,36,3,2023-11-03,34.83,104.49
1988,241,36,3,2023-09-01,34.83,104.49
2243,133,36,4,2023-10-05,34.83,139.32
2323,223,36,1,2023-11-20,34.83,34.83
2413,255,36,1,2023-05-27,34.83,34.83
2677,81,36,2,2023-10-15,34.83,69.66
2747,80,36,3,2023-08-05,34.83,104.49
16,302,59,3,2023-02-21,132.0,396.0
39,196,59,2,2024-02-17,132.0,264.0
277,252,59,1,2023-04-14,132.0,132.0
313,62,59,3,2024-06-05,132.0,396.0
341,497,59,2,2024-06-10,132.0,264.0
344,191,59,3,2023-11-26,132.0,396.0
414,385,59,3,2023-10-01,132.0,396.0
445,138,59,4,2024-07-13,132.0,528.0
493,10,59,4,2023-11-03,132.0,528.0
521,32,59,2,2023-03-02,132.0,264.0
545,150,59,4,2023-12-15,132.0,528.0
587,136,59,4,2023-05-06,132.0,528.0
729,401,59,2,2023-04-17,132.0,264.0
749,138,59,3,2023-10-07,132.0,396.0
773,421,59,1,2023-07-08,132.0,132.0
776,405,59,2,2023-09-28,132.0,264.0
811,414,59,1,2024-05-18,132.0,132.0
813,220,59,1,2024-07-08,132.0,132.0
1033,416,59,3,2023-01-23,132.0,396.0
1037,101,59,2,2023-07-05,132.0,264.0
1121,314,59,2,2024-07-19,132.0,264.0
1161,409,59,4,2023-09-15,132.0,528.0
1290,304,59,3,2024-04-09,132.0,396.0
1304,480,59,1,2024-08-07,132.0,132.0
1422,147,59,4,2024-03-20,132.0,528.0
1565,100,59,2,2023-01-17,132.0,264.0
1716,165,59,2,2024-05-17,132.0,264.0
1824,126,59,2,2024-04-09,132.0,264.0
1890,61,59,2,2023-06-24,132.0,264.0
1928,401,59,1,2023-01-18,132.0,132.0
2002,325,59,4,2024-03-22,132.0,528.0
2064,140,59,2,2023-04-04,132.0,264.0
2286,47,59,4,2023-12-07,132.0,528.0
2352,320,59,2,2023-11-05,132.0,264.0
2358,357,59,1,2023-02-12,132.0,132.0
2385,141,59,4,2023-01-15,132.0,528.0
2506,109,59,1,2023-09-26,132.0,132.0
2632,32,59,4,2024-06-11,132.0,528.0
2744,483,59,4,2024-07-09,132.0,528.0
2915,79,59,3,2023-09-20,132.0,396.0
2948,262,59,3,2024-08-21,132.0,396.0
17,19,63,4,2024-04-10,277.36,1109.44
52,200,63,4,2023-04-01,277.36,1109.44
98,30,63,3,2023-11-12,277.36,832.08
399,343,63,3,2023-04-15,277.36,832.08
492,11,63,4,2024-07-14,277.36,1109.44
700,30,63,3,2024-07-27,277.36,832.08
715,481,63,3,2023-06-12,277.36,832.08
750,50,63,4,2024-06-21,277.36,1109.44
899,28,63,2,2024-07-08,277.36,554.72
935,59,63,2,2024-04-02,277.36,554.72
1050,16,63,1,2024-02-21,277.36,277.36
1072,281,63,3,2023-05-27,277.36,832.08
1133,271,63,3,2023-03-23,277.36,832.08
1215,83,63,1,2023-09-30,277.36,277.36
1222,284,63,1,2024-06-01,277.36,277.36
1310,424,63,3,2023-10-20,277.36,832.08
1312,438,63,3,2023-11-29,277.36,832.08
1317,361,63,3,2024-03-02,277.36,832.08
1356,401,63,2,2024-08-12,277.36,554.72
2004,377,63,4,2023-06-16,277.36,1109.44
2038,475,63,3,2023-12-08,277.36,832.08
2210,111,63,3,2023-05-15,277.36,832.08
2236,428,63,3,2024-01-25,277.36,832.08
2316,86,63,1,2024-02-29,277.36,277.36
2363,311,63,4,2024-07-06,277.36,1109.44
2382,418,63,4,2023-11-07,277.36,1109.44
2397,187,63,3,2023-03-06,277.36,832.08
2573,188,63,1,2023-04-25,277.36,277.36
2729,377,63,4,2023-11-29,277.36,1109.44
2755,428,63,3,2024-07-21,277.36,832.08
2837,157,63,4,2024-06-10,277.36,1109.44
2880,438,63,3,2023-03-02,277.36,832.08
18,68,77,1,2024-04-19,122.25,122.25
57,58,77,2,2024-01-12,122.25,244.5
188,206,77,4,2024-01-11,122.25,489.0
263,457,77,3,2023-03-03,122.25,366.75
417,408,77,4,2023-09-27,122.25,489.0
559,50,77,3,2024-02-04,122.25,366.75
712,183,77,2,2023-12-17,122.25,244.5
737,198,77,2,2023-03-14,122.25,244.5
747,500,77,3,2023-05-02,122.25,366.75
794,297,77,4,2023-04-19,122.25,489.0
801,31,77,4,2023-11-23,122.25,489.0
1048,302,77,4,2024-01-23,122.25,489.0
1237,120,77,3,2023-05-26,122.25,366.75
1300,35,77,2,2024-08-03,122.25,244.5
1346,439,77,4,2023-10-19,122.25,489.0
1403,233,77,3,2023-08-11,122.25,366.75
1487,450,77,2,2023-08-05,122.25,244.5
1686,383,77,3,2023-03-02,122.25,366.75
1944,32,77,1,2024-02-05,122.25,122.25
1960,53,77,4,2023-02-28,122.25,489.0
1965,191,77,1,2023-05-29,122.25,122.25
2040,120,77,2,2023-01-05,122.25,244.5
2078,462,77,4,2023-09-17,122.25,489.0
2104,173,77,1,2023-06-30,122.25,122.25
2135,53,77,2,2024-08-11,122.25,244.5
2318,210,77,4,2023-07-04,122.25,489.0
2419,360,77,1,2023-01-29,122.25,122.25
2524,221,77,3,2023-12-08,122.25,366.75
2669,198,77,1,2024-02-27,122.25,122.25
2809,47,77,1,2024-04-27,122.25,122.25
2908,452,77,4,2023-03-28,122.25,489.0
2929,284,77,3,2023-09-21,122.25,366.75
19,218,46,4,2024-02-05,159.1,636.4
103,104,46,4,2024-07-04,159.1,636.4
139,457,46,2,2024-04-11,159.1,318.2
242,43,46,1,2024-01-29,159.1,159.1
408,101,46,4,2024-07-10,159.1,636.4
539,151,46,3,2024-07-22,159.1,477.29999999999995
582,367,46,4,2024-06-20,159.1,636.4
666,20,46,3,2023-02-23,159.1,477.29999999999995
808,408,46,3,2023-08-09,159.1,477.29999999999995
1002,85,46,3,2024-04-18,159.1,477.29999999999995
1311,332,46,4,2023-07-26,159.1,636.4
1343,472,46,4,2023-11-26,159.1,636.4
1432,332,46,4,2024-06-12,159.1,636.4
1580,47,46,1,2023-10-11,159.1,159.1
1638,485,46,2,2023-06-07,159.1,318.2
1710,104,46,1,2023-03-29,159.1,159.1
1730,354,46,1,2023-05-05,159.1,159.1
1831,35,46,2,2024-02-13,159.1,318.2
2017,452,46,1,2023-12-19,159.1,159.1
2087,229,46,4,2024-01-08,159.1,636.4
2334,161,46,2,2024-01-31,159.1,318.2
2640,480,46,4,2023-07-29,159.1,636.4
2821,403,46,2,2024-06-23,159.1,318.2
2847,453,46,3,2023-12-09,159.1,477.29999999999995
2848,82,46,4,2024-08-02,159.1,636.4
2916,315,46,3,2023-04-22,159.1,477.29999999999995
20,102,3,2,2024-03-14,349.26,698.52
69,471,3,1,2023-12-07,349.26,349.26
213,25,3,3,2024-07-02,349.26,1047.78
239,390,3,4,2023-07-20,349.26,1397.04
272,494,3,4,2024-08-19,349.26,1397.04
325,389,3,4,2024-01-22,349.26,1397.04
465,324,3,4,2023-09-02,349.26,1397.04
553,258,3,1,2023-05-02,349.26,349.26
630,418,3,4,2024-01-08,349.26,1397.04
757,118,3,2,2023-09-30,349.26,698.52
772,320,3,2,2023-09-14,349.26,698.52
989,427,3,4,2024-06-26,349.26,1397.04
1173,142,3,2,2023-03-28,349.26,698.52
1238,422,3,2,2023-08-19,349.26,698.52
1653,77,3,1,2024-06-19,349.26,349.26
1882,259,3,1,2023-02-28,349.26,349.26
1934,403,3,1,2024-03-23,349.26,349.26
2156,17,3,4,2023-11-21,349.26,1397.04
2340,11,3,2,2024-07-14,349.26,698.52
2368,390,3,4,2023-05-29,349.26,1397.04
2392,94,3,4,2023-06-14,349.26,1397.04
2416,216,3,4,2024-04-30,349.26,1397.04
2705,32,3,1,2023-05-01,349.26,349.26
2827,29,3,3,2023-09-20,349.26,1047.78
2838,202,3,2,2024-01-14,349.26,698.52
2917,150,3,2,2023-06-27,349.26,698.52
2953,370,3,3,2023-12-26,349.26,1047.78
2960,127,3,3,2024-04-19,349.26,1047.78
21,42,74,1,2024-08-20,420.73,420.73
77,453,74,1,2023-12-22,420.73,420.73
176,7,74,1,2024-03-06,420.73,420.73
382,242,74,2,2023-02-16,420.73,841.46
435,28,74,1,2024-05-13,420.73,420.73
478,140,74,1,2023-10-30,420.73,420.73
524,39,74,2,2023-09-03,420.73,841.46
841,196,74,4,2023-08-28,420.73,1682.92
1188,219,74,2,2024-01-16,420.73,841.46
1212,215,74,2,2023-09-22,420.73,841.46
1248,376,74,2,2023-05-24,420.73,841.46
1259,41,74,4,2024-03-15,420.73,1682.92
1334,28,74,1,2023-07-14,420.73,420.73
1784,175,74,1,2024-07-31,420.73,420.73
1865,35,74,3,2023-04-23,420.73,1262.19
1929,233,74,1,2023-06-14,420.73,420.73
2035,413,74,2,2023-06-27,420.73,841.46
2231,412,74,1,2023-08-19,420.73,420.73
2247,434,74,1,2024-04-14,420.73,420.73
2628,59,74,2,2024-02-23,420.73,841.46
2728,390,74,1,2024-05-25,420.73,420.73
2759,22,74,2,2023-07-19,420.73,841.46
2791,57,74,4,2024-05-19,420.73,1682.92
22,288,65,4,2024-05-23,318.41,1273.64
179,73,65,4,2024-03-01,318.41,1273.64
208,436,65,4,2023-08-27,318.41,1273.64
224,173,65,3,2024-07-31,318.41,955.23
527,233,65,2,2023-05-11,318.41,636.82
531,397,65,4,2024-05-09,318.41,1273.64
680,388,65,1,2023-03-08,318.41,318.41
870,69,65,4,2024-02-21,318.41,1273.64
1039,478,65,2,2024-07-24,318.41,636.82
1071,196,65,3,2024-05-16,318.41,955.23
1149,201,65,2,2023-07-22,318.41,636.82
1233,275,65,1,2023-11-21,318.41,318.41
1450,174,65,1,2023-05-18,318.41,318.41
1517,235,65,2,2024-02-05,318.41,636.82
1640,125,65,2,2024-05-08,318.41,636.82
1713,152,65,2,2023-08-29,318.41,636.82
2051,24,65,4,2023-11-07,318.41,1273.64
2095,166,65,1,2024-02-02,318.41,318.41
2497,139,65,2,2023-02-24,318.41,636.82
2545,40,65,2,2024-07-13,318.41,636.82
2566,351,65,1,2023-02-12,318.41,318.41
2588,179,65,2,2024-08-01,318.41,636.82
2613,382,65,1,2023-01-06,318.41,318.41
2626,241,65,3,2023-01-19,318.41,955.23
23,167,91,4,2023-06-02,52.38,209.52
285,359,91,2,2023-07-07,52.38,104.76
432,211,91,1,2023-08-24,52.38,52.38
437,491,91,4,2023-05-19,52.38,209.52
709,173,91,2,2023-12-31,52.38,104.76
806,213,91,2,2023-12-31,52.38,104.76
1011,210,91,2,2023-07-02,52.38,104.76
1619,75,91,2,2023-05-22,52.38,104.76
1657,500,91,3,2024-05-24,52.38,157.14000000000001
1665,165,91,1,2023-10-26,52.38,52.38
1789,163,91,2,2023-04-03,52.38,104.76
2112,274,91,3,2023-05-14,52.38,157.14000000000001
2125,21,91,3,2024-04-10,52.38,157.14000000000001
2127,235,91,1,2023-08-30,52.38,52.38
2372,285,91,2,2023-07-31,52.38,104.76
2443,129,91,2,2023-05-08,52.38,104.76
2616,47,91,1,2024-08-07,52.38,52.38
2680,169,91,1,2023-08-04,52.38,52.38
24,109,8,4,2024-05-28,117.5,470.0
250,5,8,3,2023-08-03,117.5,352.5
299,62,8,1,2024-05-27,117.5,117.5
340,483,8,3,2023-11-02,117.5,352.5
396,79,8,3,2024-01-13,117.5,352.5
420,17,8,4,2023-01-31,117.5,470.0
573,3,8,4,2024-06-05,117.5,470.0
602,362,8,3,2024-06-04,117.5,352.5
639,312,8,4,2023-08-03,117.5,470.0
810,106,8,4,2023-02-15,117.5,470.0
865,313,8,1,2023-02-07,117.5,117.5
1082,265,8,3,2024-02-27,117.5,352.5
1174,484,8,1,2023-11-03,117.5,117.5
1182,207,8,1,2023-01-04,117.5,117.5
1321,93,8,1,2024-06-05,117.5,117.5
1649,274,8,1,2023-04-05,117.5,117.5
1809,494,8,4,2023-03-15,117.5,470.0
1948,484,8,4,2023-09-25,117.5,470.0
1949,456,8,4,2023-10-25,117.5,470.0
1957,412,8,4,2024-04-18,117.5,470.0
2021,307,8,3,2023-05-19,117.5,352.5
2234,124,8,3,2023-06-24,117.5,352.5
2414,171,8,2,2024-04-06,117.5,235.0
2442,499,8,2,2023-08-25,117.5,235.0
25,494,51,4,2024-05-17,65.33,261.32
229,96,51,3,2024-05-19,65.33,195.99
246,151,51,4,2024-03-16,65.33,261.32
495,273,51,1,2023-10-16,65.33,65.33
596,449,51,3,2023-10-08,65.33,195.99
1041,366,51,3,2024-05-27,65.33,195.99
1518,321,51,4,2024-01-17,65.33,261.32
1651,369,51,1,2023-07-09,65.33,65.33
1693,499,51,2,2023-07-13,65.33,130.66
1728,91,51,2,2023-06-11,65.33,130.66
1771,203,51,4,2023-06-29,65.33,261.32
1915,392,51,2,2023-09-10,65.33,130.66
1953,160,51,4,2024-06-29,65.33,261.32
2007,156,51,2,2023-10-31,65.33,130.66
2052,364,51,1,2024-04-19,65.33,65.33
2119,28,51,3,2024-02-02,65.33,195.99
2262,25,51,3,2024-01-07,65.33,195.99
2308,61,51,3,2024-05-04,65.33,195.99
2345,169,51,4,2024-04-08,65.33,261.32
2354,90,51,3,2023-11-15,65.33,195.99
2477,404,51,2,2023-10-02,65.33,130.66
2557,441,51,1,2023-07-07,65.33,65.33
2559,471,51,2,2023-07-19,65.33,130.66
2614,496,51,3,2023-05-24,65.33,195.99
2731,433,51,4,2024-01-24,65.33,261.32
2937,164,51,3,2023-01-26,65.33,195.99
26,36,81,1,2023-01-06,214.75,214.75
125,500,81,2,2023-02-26,214.75,429.5
151,419,81,2,2024-01-17,214.75,429.5
307,455,81,3,2023-11-13,214.75,644.25
354,112,81,3,2023-06-27,214.75,644.25
537,238,81,1,2024-05-01,214.75,214.75
578,413,81,2,2024-02-06,214.75,429.5
599,483,81,1,2024-04-27,214.75,214.75
703,117,81,2,2023-01-30,214.75,429.5
734,47,81,1,2024-04-12,214.75,214.75
795,182,81,3,2023-10-23,214.75,644.25
835,84,81,2,2024-01-30,214.75,429.5
921,330,81,3,2024-06-22,214.75,644.25
1077,133,81,3,2023-11-29,214.75,644.25
1091,395,81,1,2023-03-15,214.75,214.75
1135,419,81,1,2024-05-14,214.75,214.75
1224,173,81,3,2024-03-18,214.75,644.25
1278,432,81,3,2023-08-17,214.75,644.25
1318,147,81,2,2023-07-29,214.75,429.5
1445,250,81,3,2024-05-17,214.75,644.25
1575,196,81,3,2023-08-29,214.75,644.25
1644,357,81,2,2024-01-02,214.75,429.5
1781,82,81,1,2023-12-06,214.75,214.75
1983,204,81,4,2023-10-20,214.75,859.0
2216,225,81,3,2024-04-01,214.75,644.25
2270,360,81,2,2023-12-10,214.75,429.5
2333,108,81,3,2023-02-21,214.75,644.25
2386,362,81,3,2023-09-16,214.75,644.25
2446,93,81,1,2024-01-30,214.75,214.75
2470,324,81,3,2023-09-10,214.75,644.25
2529,112,81,4,2023-11-28,214.75,859.0
2651,357,81,4,2023-01-20,214.75,859.0
2726,413,81,4,2024-01-16,214.75,859.0
2742,320,81,4,2023-04-07,214.75,859.0
2778,481,81,2,2023-09-27,214.75,429.5
2910,83,81,1,2024-08-18,214.75,214.75
3000,61,81,2,2024-07-30,214.75,429.5
27,232,73,2,2024-05-14,208.46,416.92
133,66,73,1,2023-02-12,208.46,208.46
158,244,73,2,2023-07-27,208.46,416.92
222,79,73,2,2023-11-24,208.46,416.92
300,256,73,1,2023-05-13,208.46,208.46
594,261,73,1,2023-09-14,208.46,208.46
714,183,73,2,2024-04-24,208.46,416.92
839,441,73,3,2023-12-03,208.46,625.38
954,376,73,2,2023-05-02,208.46,416.92
1036,107,73,1,2024-05-15,208.46,208.46
1056,158,73,1,2023-10-04,208.46,208.46
1179,355,73,2,2024-05-07,208.46,416.92
1211,102,73,1,2023-10-05,208.46,208.46
1246,320,73,1,2024-07-03,208.46,208.46
1380,141,73,1,2023-10-23,208.46,208.46
1505,2,73,4,2023-01-25,208.46,833.84
1508,387,73,4,2024-08-18,208.46,833.84
1610,113,73,3,2024-01-31,208.46,625.38
1661,496,73,4,2023-10-20,208.46,833.84
1806,325,73,2,2024-02-14,208.46,416.92
2182,170,73,3,2023-07-05,208.46,625.38
2206,484,73,1,2023-06-25,208.46,208.46
2248,331,73,4,2023-03-18,208.46,833.84
2479,343,73,3,2023-08-31,208.46,625.38
2799,318,73,2,2023-10-21,208.46,416.92
2905,59,73,3,2024-02-07,208.46,625.38
28,229,6,4,2023-04-28,122.58,490.32
117,466,6,1,2023-09-28,122.58,122.58
145,407,6,1,2023-03-29,122.58,122.58
252,418,6,4,2024-07-21,122.58,490.32
318,79,6,3,2023-01-20,122.58,367.74
411,200,6,1,2023-11-27,122.58,122.58
735,475,6,4,2024-06-21,122.58,490.32
767,302,6,2,2023-03-30,122.58,245.16
885,161,6,4,2023-09-14,122.58,490.32
903,423,6,2,2023-10-20,122.58,245.16
1094,364,6,4,2024-08-11,122.58,490.32
1106,496,6,2,2023-11-23,122.58,245.16
1119,431,6,3,2024-04-26,122.58,367.74
1200,35,6,2,2023-01-10,122.58,245.16
1205,369,6,1,2024-04-19,122.58,122.58
1214,432,6,3,2024-04-01,122.58,367.74
1293,451,6,4,2023-04-05,122.58,490.32
1709,338,6,2,2024-05-28,122.58,245.16
1853,399,6,3,2023-05-13,122.58,367.74
1902,144,6,1,2024-07-16,122.58,122.58
1941,337,6,2,2024-02-17,122.58,245.16
1991,274,6,4,2024-02-28,122.58,490.32
2022,141,6,1,2024-07-26,122.58,122.58
2096,459,6,4,2023-09-29,122.58,490.32
2126,252,6,3,2023-04-09,122.58,367.74
2147,337,6,2,2023-08-26,122.58,245.16
2150,138,6,2,2023-01-19,122.58,245.16
2194,33,6,2,2023-02-01,122.58,245.16
2325,3,6,3,2024-08-18,122.58,367.74
2329,8,6,4,2023-03-29,122.58,490.32
2469,82,6,4,2023-06-11,122.58,490.32
2663,194,6,3,2023-10-16,122.58,367.74
2717,314,6,4,2024-06-14,122.58,490.32
2865,280,6,2,2024-08-12,122.58,245.16
2928,493,6,4,2024-06-05,122.58,490.32
2942,73,6,4,2024-04-06,122.58,490.32
29,353,89,1,2024-04-29,432.08,432.08
412,87,89,3,2023-09-10,432.08,1296.24
522,222,89,1,2024-06-03,432.08,432.08
691,403,89,2,2023-11-13,432.08,864.16
730,198,89,4,2024-01-17,432.08,1728.32
782,90,89,3,2023-12-25,432.08,1296.24
817,220,89,2,2023-11-25,432.08,864.16
986,89,89,2,2023-06-27,432.08,864.16
991,197,89,2,2023-03-21,432.08,864.16
1022,259,89,2,2023-03-08,432.08,864.16
1064,247,89,3,2023-10-21,432.08,1296.24
1112,417,89,2,2023-04-07,432.08,864.16
1501,84,89,3,2024-06-30,432.08,1296.24
1553,156,89,3,2023-01-03,432.08,1296.24
1620,45,89,1,2023-12-22,432.08,432.08
1735,140,89,3,2024-05-04,432.08,1296.24
1770,411,89,2,2023-11-20,432.08,864.16
1778,437,89,2,2023-02-18,432.08,864.16
1979,354,89,2,2023-11-14,432.08,864.16
1982,361,89,3,2023-10-20,432.08,1296.24
2172,156,89,4,2023-07-15,432.08,1728.32
2192,224,89,4,2023-01-08,432.08,1728.32
2265,339,89,1,2024-04-21,432.08,432.08
2294,5,89,3,2024-01-16,432.08,1296.24
2306,15,89,3,2024-03-30,432.08,1296.24
2448,241,89,3,2023-03-31,432.08,1296.24
2471,449,89,4,2023-05-12,432.08,1728.32
2596,420,89,4,2023-12-14,432.08,1728.32
2751,89,89,4,2023-07-15,432.08,1728.32
2818,215,89,2,2023-05-13,432.08,864.16
30,164,39,2,2024-04-12,55.2,110.4
111,121,39,1,2023-07-03,55.2,55.2
119,231,39,4,2023-07-17,55.2,220.8
162,49,39,4,2024-02-26,55.2,220.8
194,450,39,2,2024-07-14,55.2,110.4
304,92,39,4,2024-05-10,55.2,220.8
645,381,39,4,2023-01-11,55.2,220.8
701,314,39,1,2024-04-10,55.2,55.2
727,301,39,2,2024-08-13,55.2,110.4
744,90,39,4,2023-03-17,55.2,220.8
815,163,39,1,2023-05-04,55.2,55.2
1046,12,39,4,2023-04-10,55.2,220.8
1192,354,39,3,2024-06-27,55.2,165.60000000000002
1433,72,39,1,2024-03-09,55.2,55.2
1514,425,39,3,2023-03-27,55.2,165.60000000000002
1628,234,39,1,2024-03-20,55.2,55.2
1662,278,39,1,2023-04-25,55.2,55.2
1692,324,39,2,2024-05-28,55.2,110.4
1829,169,39,1,2024-08-07,55.2,55.2
1834,57,39,1,2024-02-11,55.2,55.2
1869,23,39,1,2024-03-15,55.2,55.2
1911,415,39,1,2023-09-25,55.2,55.2
1930,158,39,3,2024-06-08,55.2,165.60000000000002
2199,313,39,3,2023-07-26,55.2,165.60000000000002
2466,468,39,1,2023-02-13,55.2,55.2
2526,41,39,1,2023-03-31,55.2,55.2
31,387,60,4,2023-06-10,481.65,1926.6
44,444,60,3,2023-10-02,481.65,1444.9499999999998
91,145,60,1,2023-03-20,481.65,481.65
281,103,60,4,2024-06-05,481.65,1926.6
407,87,60,1,2024-01-31,481.65,481.65
643,132,60,4,2024-02-07,481.65,1926.6
676,336,60,4,2023-09-10,481.65,1926.6
720,251,60,2,2024-03-11,481.65,963.3
738,47,60,3,2023-11-05,481.65,1444.9499999999998
923,144,60,3,2023-03-15,481.65,1444.9499999999998
1040,454,60,3,2024-05-06,481.65,1444.9499999999998
1105,474,60,3,2024-07-26,481.65,1444.9499999999998
1193,376,60,1,2024-07-22,481.65,481.65
1240,317,60,4,2023-02-07,481.65,1926.6
1299,324,60,3,2024-05-25,481.65,1444.9499999999998
1426,46,60,3,2024-08-14,481.65,1444.9499999999998
1474,113,60,1,2024-04-25,481.65,481.65
1483,447,60,2,2023-06-04,481.65,963.3
1515,268,60,1,2024-07-27,481.65,481.65
1654,59,60,3,2024-02-27,481.65,1444.9499999999998
1670,365,60,2,2023-12-28,481.65,963.3
1794,429,60,2,2024-04-08,481.65,963.3
1963,22,60,2,2024-01-25,481.65,963.3
1984,49,60,2,2024-04-29,481.65,963.3
2003,428,60,3,2024-08-08,481.65,1444.9499999999998
2063,211,60,4,2024-01-01,481.65,1926.6
2085,13,60,4,2024-04-08,481.65,1926.6
2204,43,60,3,2023-02-13,481.65,1444.9499999999998
2253,233,60,1,2023-12-13,481.65,481.65
2287,159,60,2,2024-07-16,481.65,963.3
2512,40,60,4,2024-04-11,481.65,1926.6
2576,357,60,4,2023-11-04,481.65,1926.6
2725,315,60,2,2023-01-28,481.65,963.3
2753,95,60,4,2024-02-22,481.65,1926.6
32,73,28,2,2023-09-27,477.98,955.96
159,490,28,4,2024-03-13,477.98,1911.92
166,429,28,4,2023-06-12,477.98,1911.92
221,25,28,3,2024-07-27,477.98,1433.94
375,129,28,2,2024-07-21,477.98,955.96
395,433,28,2,2023-04-06,477.98,955.96
490,380,28,2,2023-06-26,477.98,955.96
554,29,28,4,2023-02-10,477.98,1911.92
646,132,28,2,2023-07-06,477.98,955.96
756,254,28,4,2023-12-22,477.98,1911.92
816,439,28,4,2023-01-10,477.98,1911.92
901,43,28,1,2024-07-15,477.98,477.98
906,17,28,1,2023-09-28,477.98,477.98
928,86,28,2,2024-02-19,477.98,955.96
1169,117,28,4,2024-04-30,477.98,1911.92
1256,443,28,4,2024-01-12,477.98,1911.92
1326,38,28,3,2023-03-18,477.98,1433.94
1479,143,28,3,2023-11-21,477.98,1433.94
1530,279,28,2,2023-09-28,477.98,955.96
1687,492,28,1,2024-03-13,477.98,477.98
1749,70,28,3,2024-05-22,477.98,1433.94
1819,323,28,4,2023-09-02,477.98,1911.92
1912,290,28,2,2024-02-21,477.98,955.96
2000,425,28,2,2023-06-25,477.98,955.96
2067,401,28,2,2024-03-12,477.98,955.96
2083,455,28,3,2023-02-26,477.98,1433.94
2141,13,28,3,2023-06-21,477.98,1433.94
2339,50,28,4,2024-01-17,477.98,1911.92
2509,303,28,2,2024-02-05,477.98,955.96
2741,240,28,3,2023-12-28,477.98,1433.94
2900,48,28,4,2023-12-16,477.98,1911.92
33,136,97,2,2023-02-25,198.5,397.0
113,149,97,2,2023-10-14,198.5,397.0
173,134,97,2,2024-01-22,198.5,397.0
422,148,97,4,2023-07-05,198.5,794.0
798,364,97,2,2023-07-22,198.5,397.0
862,376,97,4,2023-09-14,198.5,794.0
877,403,97,2,2023-11-24,198.5,397.0
934,444,97,1,2023-12-07,198.5,198.5
997,408,97,1,2024-05-08,198.5,198.5
1244,286,97,3,2023-12-11,198.5,595.5
1446,453,97,1,2024-04-11,198.5,198.5
1486,202,97,4,2023-08-13,198.5,794.0
1595,305,97,4,2024-04-08,198.5,794.0
1756,236,97,4,2024-05-16,198.5,794.0
2015,162,97,1,2023-07-03,198.5,198.5
2108,216,97,2,2023-01-24,198.5,397.0
2158,182,97,2,2024-03-13,198.5,397.0
2186,233,97,2,2024-08-11,198.5,397.0
2494,68,97,2,2023-11-18,198.5,397.0
2498,312,97,2,2024-06-26,198.5,397.0
2665,271,97,4,2024-02-24,198.5,794.0
2675,126,97,1,2023-11-26,198.5,198.5
2686,340,97,3,2023-06-15,198.5,595.5
2700,337,97,2,2024-06-20,198.5,397.0
2727,339,97,4,2023-06-06,198.5,794.0
2757,2,97,3,2023-08-19,198.5,595.5
2768,451,97,2,2023-03-19,198.5,397.0
2829,338,97,4,2023-10-20,198.5,794.0
34,353,54,1,2023-08-16,94.81,94.81
62,215,54,2,2024-07-13,94.81,189.62
220,452,54,2,2023-08-02,94.81,189.62
273,371,54,1,2023-01-28,94.81,94.81
338,164,54,2,2024-08-06,94.81,189.62
423,277,54,3,2023-05-08,94.81,284.43
447,111,54,3,2024-03-11,94.81,284.43
512,172,54,3,2023-11-09,94.81,284.43
523,119,54,1,2023-09-29,94.81,94.81
565,44,54,1,2024-02-06,94.81,94.81
742,359,54,3,2023-01-13,94.81,284.43
796,174,54,2,2023-01-06,94.81,189.62
851,248,54,1,2024-07-21,94.81,94.81
890,490,54,3,2024-03-09,94.81,284.43
1053,109,54,3,2024-04-15,94.81,284.43
1073,404,54,4,2023-11-30,94.81,379.24
1100,470,54,4,2024-08-21,94.81,379.24
1285,50,54,1,2023-06-27,94.81,94.81
1364,380,54,1,2023-08-11,94.81,94.81
1469,147,54,3,2023-11-04,94.81,284.43
1475,225,54,1,2023-05-24,94.81,94.81
1586,402,54,1,2023-12-05,94.81,94.81
1601,418,54,2,2023-01-01,94.81,189.62
1629,51,54,3,2024-04-08,94.81,284.43
1633,125,54,3,2023-09-23,94.81,284.43
1736,246,54,3,2023-08-09,94.81,284.43
1745,20,54,2,2023-07-11,94.81,189.62
1753,154,54,3,2023-02-04,94.81,284.43
1880,355,54,2,2023-06-20,94.81,189.62
2080,236,54,1,2024-04-03,94.81,94.81
2181,181,54,1,2024-03-29,94.81,94.81
2349,252,54,1,2023-01-27,94.81,94.81
2444,160,54,3,2024-01-29,94.81,284.43
2523,109,54,3,2023-03-15,94.81,284.43
2533,494,54,4,2023-04-12,94.81,379.24
2567,254,54,3,2024-06-03,94.81,284.43
2621,22,54,3,2023-02-21,94.81,284.43
2658,292,54,4,2024-08-05,94.81,379.24
2853,219,54,3,2024-05-06,94.81,284.43
35,379,37,2,2023-05-29,467.55,935.1
47,27,37,2,2023-03-20,467.55,935.1
135,341,37,3,2024-01-30,467.55,1402.65
398,444,37,3,2024-02-25,467.55,1402.65
561,463,37,1,2023-01-13,467.55,467.55
598,104,37,1,2024-01-24,467.55,467.55
631,437,37,4,2023-12-28,467.55,1870.2
888,196,37,4,2023-11-12,467.55,1870.2
909,494,37,4,2023-09-04,467.55,1870.2
1031,8,37,4,2024-08-08,467.55,1870.2
1157,191,37,3,2024-04-12,467.55,1402.65
1337,76,37,2,2023-11-27,467.55,935.1
1349,72,37,1,2023-03-31,467.55,467.55
1396,433,37,2,2024-07-24,467.55,935.1
1490,461,37,2,2023-02-28,467.55,935.1
1729,117,37,1,2023-03-02,467.55,467.55
1827,204,37,4,2023-03-07,467.55,1870.2
1887,480,37,3,2023-04-05,467.55,1402.65
2070,359,37,4,2023-02-09,467.55,1870.2
2246,468,37,1,2024-06-24,467.55,467.55
2384,8,37,3,2023-04-15,467.55,1402.65
2478,116,37,4,2023-07-06,467.55,1870.2
2612,185,37,2,2024-05-17,467.55,935.1
2957,419,37,1,2024-03-22,467.55,467.55
36,70,9,1,2023-02-15,41.23,41.23
116,406,9,1,2023-08-18,41.23,41.23
169,216,9,4,2024-07-19,41.23,164.92
290,420,9,2,2024-06-29,41.23,82.46
316,246,9,3,2024-06-25,41.23,123.69
688,159,9,2,2023-04-02,41.23,82.46
705,356,9,4,2023-10-15,41.23,164.92
850,160,9,4,2023-07-24,41.23,164.92
858,405,9,3,2024-07-13,41.23,123.69
943,32,9,1,2023-11-27,41.23,41.23
1239,437,9,2,2024-05-09,41.23,82.46
1387,136,9,2,2023-07-02,41.23,82.46
1405,344,9,3,2024-03-09,41.23,123.69
1688,21,9,2,2023-09-21,41.23,82.46
1870,265,9,3,2023-07-06,41.23,123.69
1917,462,9,1,2023-01-10,41.23,41.23
1962,335,9,1,2023-03-27,41.23,41.23
2011,107,9,1,2023-11-30,41.23,41.23
2128,227,9,2,2023-06-07,41.23,82.46
2212,457,9,2,2024-01-18,41.23,82.46
2213,160,9,2,2023-08-31,41.23,82.46
2237,218,9,4,2023-11-07,41.23,164.92
2360,274,9,2,2023-07-16,41.23,82.46
2484,105,9,3,2024-06-18,41.23,123.69
2553,490,9,1,2023-10-13,41.23,41.23
2776,328,9,4,2023-12-26,41.23,164.92
2808,478,9,3,2023-08-16,41.23,123.69
2958,244,9,3,2023-10-17,41.23,123.69
38,487,56,2,2023-12-06,355.98,711.96
93,396,56,2,2023-06-25,355.98,711.96
223,68,56,4,2024-01-16,355.98,1423.92
413,43,56,1,2023-10-12,355.98,355.98
555,213,56,1,2023-06-16,355.98,355.98
588,362,56,3,2023-11-02,355.98,1067.94
635,400,56,1,2024-01-19,355.98,355.98
642,186,56,1,2024-01-15,355.98,355.98
686,82,56,3,2024-01-28,355.98,1067.94
884,425,56,2,2024-03-24,355.98,711.96
905,177,56,4,2023-06-19,355.98,1423.92
927,167,56,1,2023-01-12,355.98,355.98
945,277,56,2,2024-02-10,355.98,711.96
1032,101,56,3,2023-07-03,355.98,1067.94
1060,412,56,2,2023-10-09,355.98,711.96
1201,147,56,3,2024-08-14,355.98,1067.94
1552,195,56,4,2023-10-23,355.98,1423.92
1690,139,56,1,2024-07-06,355.98,355.98
1978,248,56,4,2023-11-18,355.98,1423.92
2008,139,56,2,2023-08-21,355.98,711.96
2056,431,56,4,2023-12-13,355.98,1423.92
2252,278,56,1,2024-06-08,355.98,355.98
2350,48,56,1,2024-04-15,355.98,355.98
2365,374,56,3,2023-09-12,355.98,1067.94
2449,323,56,4,2023-10-07,355.98,1423.92
2519,84,56,2,2023-10-23,355.98,711.96
2521,242,56,4,2023-05-10,355.98,1423.92
2558,433,56,2,2023-01-13,355.98,711.96
2598,169,56,2,2023-08-23,355.98,711.96
2601,343,56,3,2024-08-11,355.98,1067.94
2734,193,56,2,2024-07-24,355.98,711.96
2836,62,56,2,2024-05-16,355.98,711.96
40,269,85,3,2024-06-03,228.63,685.89
74,300,85,2,2023-11-26,228.63,457.26
114,84,85,2,2023-09-10,228.63,457.26
143,180,85,1,2024-04-15,228.63,228.63
468,169,85,1,2024-07-23,228.63,228.63
710,228,85,3,2023-09-26,228.63,685.89
785,231,85,2,2023-12-05,228.63,457.26
831,301,85,1,2023-03-06,228.63,228.63
880,341,85,3,2023-02-25,228.63,685.89
881,384,85,3,2024-07-30,228.63,685.89
995,74,85,2,2024-01-26,228.63,457.26
1059,260,85,2,2023-08-01,228.63,457.26
1273,183,85,1,2023-08-25,228.63,228.63
1320,308,85,3,2023-06-03,228.63,685.89
1414,423,85,3,2023-09-12,228.63,685.89
1438,445,85,3,2023-10-30,228.63,685.89
1906,450,85,3,2023-09-06,228.63,685.89
1954,370,85,2,2023-12-31,228.63,457.26
2091,386,85,3,2024-07-12,228.63,685.89
2093,137,85,1,2024-08-06,228.63,228.63
2257,492,85,1,2024-05-03,228.63,228.63
2453,94,85,2,2023-05-12,228.63,457.26
2465,349,85,1,2023-02-13,228.63,228.63
2609,411,85,4,2024-07-19,228.63,914.52
2785,283,85,1,2023-01-13,228.63,228.63
2992,225,85,2,2023-04-30,228.63,457.26
41,49,2,4,2023-12-10,201.11,804.44
287,308,2,2,2023-05-18,201.11,402.22
345,405,2,2,2024-07-11,201.11,402.22
356,82,2,2,2023-06-03,201.11,402.22
419,152,2,2,2023-11-06,201.11,402.22
662,260,2,3,2023-04-14,201.11,603.33
820,394,2,3,2023-03-01,201.11,603.33
1038,260,2,1,2024-04-23,201.11,201.11
1281,35,2,4,2024-07-14,201.11,804.44
1302,482,2,4,2023-03-22,201.11,804.44
1358,268,2,1,2023-04-14,201.11,201.11
1424,333,2,3,2023-03-11,201.11,603.33
1455,215,2,2,2023-02-09,201.11,402.22
1473,84,2,2,2023-12-30,201.11,402.22
1522,474,2,2,2024-07-08,201.11,402.22
1877,479,2,3,2023-04-09,201.11,603.33
2226,413,2,2,2024-05-11,201.11,402.22
2251,28,2,4,2023-01-15,201.11,804.44
2271,68,2,2,2023-10-04,201.11,402.22
2445,89,2,1,2024-04-19,201.11,201.11
2463,173,2,3,2023-05-29,201.11,603.33
2648,153,2,1,2024-01-09,201.11,201.11
2684,70,2,1,2023-11-28,201.11,201.11
2746,204,2,1,2024-01-25,201.11,201.11
2772,179,2,2,2024-07-06,201.11,402.22
2886,367,2,3,2024-05-10,201.11,603.33
2912,473,2,4,2023-02-26,201.11,804.44
2998,296,2,3,2024-02-05,201.11,603.33
42,316,61,4,2024-01-22,244.36,977.44
61,130,61,3,2024-01-04,244.36,733.08
97,144,61,1,2023-07-12,244.36,244.36
115,454,61,3,2024-01-21,244.36,733.08
192,266,61,2,2024-06-17,244.36,488.72
294,178,61,2,2023-12-20,244.36,488.72
335,485,61,1,2024-06-27,244.36,244.36
370,192,61,3,2024-02-18,244.36,733.08
430,436,61,3,2023-08-11,244.36,733.08
434,499,61,3,2023-08-16,244.36,733.08
473,255,61,1,2023-12-18,244.36,244.36
479,347,61,3,2024-03-25,244.36,733.08
508,500,61,1,2024-08-09,244.36,244.36
818,270,61,4,2023-07-06,244.36,977.44
1026,40,61,2,2024-05-20,244.36,488.72
1052,63,61,2,2024-01-22,244.36,488.72
1098,216,61,2,2024-02-16,244.36,488.72
1145,156,61,2,2024-04-25,244.36,488.72
1415,183,61,1,2024-04-20,244.36,244.36
1550,288,61,1,2024-05-05,244.36,244.36
1578,321,61,3,2024-05-16,244.36,733.08
1721,5,61,2,2023-01-21,244.36,488.72
1807,13,61,1,2023-11-27,244.36,244.36
2232,205,61,1,2024-01-18,244.36,244.36
2343,492,61,1,2023-01-14,244.36,244.36
2398,84,61,3,2024-01-22,244.36,733.08
2423,432,61,3,2024-01-20,244.36,733.08
2454,163,61,3,2023-01-13,244.36,733.08
2527,368,61,2,2024-08-01,244.36,488.72
2620,16,61,3,2023-08-10,244.36,733.08
2683,141,61,3,2024-03-10,244.36,733.08
2713,372,61,3,2024-04-06,244.36,733.08
2852,433,61,4,2024-05-03,244.36,977.44
45,5,40,1,2023-12-19,245.51,245.51
177,436,40,3,2024-07-07,245.51,736.53
276,400,40,4,2024-04-14,245.51,982.04
343,395,40,1,2024-06-03,245.51,245.51
549,348,40,4,2023-03-17,245.51,982.04
569,421,40,2,2023-10-27,245.51,491.02
575,118,40,1,2023-05-28,245.51,245.51
632,377,40,1,2023-04-03,245.51,245.51
634,75,40,2,2023-11-20,245.51,491.02
672,14,40,2,2023-04-15,245.51,491.02
695,211,40,4,2023-08-06,245.51,982.04
706,192,40,2,2023-03-27,245.51,491.02
836,338,40,4,2023-03-15,245.51,982.04
882,396,40,3,2023-09-25,245.51,736.53
933,294,40,4,2024-07-11,245.51,982.04
1020,387,40,1,2023-12-04,245.51,245.51
1069,131,40,3,2024-03-24,245.51,736.53
1160,442,40,1,2024-04-17,245.51,245.51
1209,270,40,3,2023-04-07,245.51,736.53
1461,450,40,2,2023-09-10,245.51,491.02
1485,105,40,2,2024-02-06,245.51,491.02
1504,117,40,4,2023-05-01,245.51,982.04
1605,204,40,4,2024-06-21,245.51,982.04
2075,496,40,4,2024-02-02,245.51,982.04
2118,149,40,2,2023-12-14,245.51,491.02
2133,54,40,4,2023-08-31,245.51,982.04
2155,102,40,4,2023-10-31,245.51,982.04
2211,307,40,2,2023-06-26,245.51,491.02
2255,59,40,3,2023-11-23,245.51,736.53
2542,367,40,3,2023-03-01,245.51,736.53
2622,213,40,4,2023-04-26,245.51,982.04
2767,375,40,4,2024-07-13,245.51,982.04
2782,53,40,3,2024-07-26,245.51,736.53
2903,443,40,3,2024-02-11,245.51,736.53
2920,405,40,2,2024-06-14,245.51,491.02
48,160,79,2,2024-08-20,141.03,282.06
66,209,79,2,2024-04-21,141.03,282.06
214,141,79,2,2024-05-01,141.03,282.06
256,382,79,4,2023-07-10,141.03,564.12
265,83,79,2,2024-03-17,141.03,282.06
295,63,79,3,2023-11-13,141.03,423.09000000000003
352,34,79,1,2023-10-26,141.03,141.03
384,444,79,1,2023-05-24,141.03,141.03
385,232,79,3,2024-08-07,141.03,423.09000000000003
405,428,79,3,2023-09-27,141.03,423.09000000000003
462,49,79,2,2023-03-18,141.03,282.06
547,345,79,2,2024-04-27,141.03,282.06
603,354,79,4,2024-03-09,141.03,564.12
699,76,79,3,2024-07-22,141.03,423.09000000000003
1001,485,79,1,2023-05-03,141.03,141.03
1076,382,79,1,2023-05-24,141.03,141.03
1158,67,79,4,2023-03-13,141.03,564.12
1307,301,79,1,2023-07-27,141.03,141.03
1384,302,79,1,2024-07-03,141.03,141.03
1593,126,79,4,2024-05-17,141.03,564.12
1695,92,79,2,2023-12-02,141.03,282.06
1769,399,79,1,2024-04-20,141.03,141.03
1939,214,79,1,2023-09-23,141.03,141.03
2107,393,79,1,2024-07-24,141.03,141.03
2224,104,79,1,2023-08-03,141.03,141.03
2407,74,79,1,2024-02-03,141.03,141.03
2408,36,79,4,2023-04-15,141.03,564.12
2415,469,79,1,2024-08-06,141.03,141.03
2430,451,79,3,2024-06-29,141.03,423.09000000000003
2530,103,79,2,2023-12-14,141.03,282.06
2597,239,79,1,2023-06-08,141.03,141.03
2638,465,79,3,2023-01-20,141.03,423.09000000000003
2671,495,79,3,2023-03-11,141.03,423.09000000000003
2676,313,79,4,2023-07-22,141.03,564.12
2695,175,79,3,2023-06-18,141.03,423.09000000000003
2810,167,79,2,2024-03-05,141.03,282.06
2907,413,79,1,2024-04-20,141.03,141.03
49,149,92,2,2023-07-21,16.7,33.4
65,102,92,3,2023-06-05,16.7,50.099999999999994
78,333,92,3,2023-08-04,16.7,50.099999999999994
257,267,92,2,2023-01-09,16.7,33.4
291,124,92,1,2024-01-15,16.7,16.7
315,405,92,1,2023-11-11,16.7,16.7
317,230,92,2,2024-04-23,16.7,33.4
665,429,92,1,2024-01-10,16.7,16.7
752,461,92,1,2023-08-26,16.7,16.7
1014,468,92,3,2023-11-07,16.7,50.099999999999994
1044,32,92,3,2023-10-12,16.7,50.099999999999994
1054,375,92,3,2023-08-21,16.7,50.099999999999994
1163,294,92,2,2023-01-20,16.7,33.4
1448,153,92,1,2024-08-05,16.7,16.7
1452,158,92,1,2023-08-16,16.7,16.7
1599,325,92,2,2023-07-14,16.7,33.4
1673,379,92,4,2024-03-13,16.7,66.8
1712,249,92,2,2024-08-12,16.7,33.4
1744,184,92,3,2024-03-24,16.7,50.099999999999994
1762,228,92,3,2023-11-15,16.7,50.099999999999994
1914,451,92,4,2024-06-12,16.7,66.8
1937,313,92,3,2023-08-05,16.7,50.099999999999994
2006,157,92,4,2023-12-23,16.7,66.8
2014,411,92,1,2023-11-26,16.7,16.7
2061,340,92,3,2023-03-13,16.7,50.099999999999994
2062,467,92,3,2024-06-04,16.7,50.099999999999994
2139,74,92,3,2023-04-02,16.7,50.099999999999994
2274,412,92,4,2023-09-16,16.7,66.8
2311,46,92,4,2024-06-16,16.7,66.8
2625,456,92,3,2024-06-24,16.7,50.099999999999994
2813,141,92,2,2023-02-09,16.7,33.4
2822,128,92,3,2024-05-20,16.7,50.099999999999994
2864,124,92,2,2023-01-12,16.7,33.4
50,264,18,2,2024-07-11,17.69,35.38
146,154,18,4,2023-11-20,17.69,70.76
245,60,18,1,2024-01-28,17.69,17.69
361,436,18,2,2024-03-20,17.69,35.38
418,483,18,4,2024-02-22,17.69,70.76
509,414,18,2,2023-06-06,17.69,35.38
693,319,18,4,2024-03-10,17.69,70.76
724,459,18,3,2023-04-28,17.69,53.07000000000001
1012,42,18,2,2024-07-22,17.69,35.38
1123,441,18,1,2024-04-18,17.69,17.69
1189,407,18,1,2023-09-25,17.69,17.69
1207,424,18,1,2023-02-28,17.69,17.69
1245,265,18,2,2023-06-09,17.69,35.38
1288,149,18,3,2023-06-20,17.69,53.07000000000001
1362,136,18,2,2024-07-19,17.69,35.38
1536,107,18,2,2024-01-03,17.69,35.38
1559,360,18,1,2023-01-04,17.69,17.69
1818,171,18,3,2023-08-16,17.69,53.07000000000001
1844,327,18,2,2023-12-20,17.69,35.38
1860,128,18,4,2023-07-27,17.69,70.76
1881,72,18,2,2024-01-01,17.69,35.38
1995,209,18,2,2024-01-08,17.69,35.38
2001,390,18,1,2023-07-30,17.69,17.69
2105,237,18,3,2023-06-06,17.69,53.07000000000001
2161,29,18,2,2024-07-10,17.69,35.38
2190,391,18,3,2023-07-24,17.69,53.07000000000001
2203,208,18,2,2023-08-22,17.69,35.38
2225,195,18,3,2024-07-05,17.69,53.07000000000001
2327,6,18,2,2023-03-17,17.69,35.38
2495,197,18,4,2024-08-01,17.69,70.76
2522,116,18,4,2023-06-05,17.69,70.76
2531,46,18,1,2023-08-21,17.69,17.69
2540,385,18,1,2024-02-28,17.69,17.69
2591,452,18,4,2023-10-31,17.69,70.76
2662,88,18,1,2023-06-21,17.69,17.69
2787,401,18,1,2023-04-05,17.69,17.69
2793,334,18,3,2023-03-28,17.69,53.07000000000001
2933,68,18,4,2023-01-26,17.69,70.76
51,230,98,1,2023-04-23,299.27,299.27
182,163,98,2,2024-01-06,299.27,598.54
293,231,98,2,2024-06-28,299.27,598.54
488,288,98,2,2024-04-08,299.27,598.54
617,393,98,2,2023-06-01,299.27,598.54
687,403,98,4,2024-01-16,299.27,1197.08
758,493,98,1,2024-08-02,299.27,299.27
856,432,98,2,2023-08-14,299.27,598.54
1194,46,98,4,2023-06-15,299.27,1197.08
1257,334,98,2,2023-08-02,299.27,598.54
1268,86,98,1,2023-08-14,299.27,299.27
1511,296,98,1,2023-06-15,299.27,299.27
1588,419,98,3,2023-11-29,299.27,897.81
1705,435,98,4,2023-09-06,299.27,1197.08
1896,424,98,3,2024-03-18,299.27,897.81
1969,471,98,2,2023-11-05,299.27,598.54
2018,100,98,1,2023-09-22,299.27,299.27
2073,355,98,3,2023-09-11,299.27,897.81
2171,119,98,3,2024-01-20,299.27,897.81
2174,175,98,3,2024-06-30,299.27,897.81
2338,333,98,4,2023-12-29,299.27,1197.08
2420,322,98,3,2023-09-28,299.27,897.81
2433,173,98,4,2023-08-19,299.27,1197.08
2467,181,98,2,2023-03-19,299.27,598.54
2535,324,98,2,2023-08-02,299.27,598.54
2587,384,98,1,2024-04-02,299.27,299.27
2605,190,98,2,2023-08-01,299.27,598.54
2721,189,98,4,2024-07-11,299.27,1197.08
2897,73,98,4,2023-09-26,299.27,1197.08
2991,63,98,3,2023-06-11,299.27,897.81
53,50,22,2,2023-05-21,292.19,584.38
120,288,22,3,2023-11-19,292.19,876.5699999999999
148,466,22,4,2024-02-08,292.19,1168.76
251,467,22,3,2023-03-12,292.19,876.5699999999999
381,10,22,3,2023-01-23,292.19,876.5699999999999
400,344,22,4,2023-11-26,292.19,1168.76
525,497,22,4,2023-06-25,292.19,1168.76
534,392,22,2,2024-08-01,292.19,584.38
571,353,22,3,2024-02-21,292.19,876.5699999999999
661,430,22,1,2024-08-04,292.19,292.19
689,188,22,3,2024-03-22,292.19,876.5699999999999
760,337,22,2,2024-07-26,292.19,584.38
787,498,22,2,2023-07-18,292.19,584.38
1068,25,22,1,2024-03-26,292.19,292.19
1078,227,22,2,2024-05-11,292.19,584.38
1232,121,22,1,2024-05-20,292.19,292.19
1235,500,22,3,2023-04-05,292.19,876.5699999999999
1359,262,22,3,2024-03-27,292.19,876.5699999999999
1376,237,22,4,2023-11-02,292.19,1168.76
1397,192,22,2,2024-02-07,292.19,584.38
1492,398,22,3,2024-03-20,292.19,876.5699999999999
1542,73,22,4,2024-03-03,292.19,1168.76
1547,188,22,2,2023-05-15,292.19,584.38
1615,376,22,1,2023-02-05,292.19,292.19
1780,219,22,1,2023-05-25,292.19,292.19
1838,19,22,1,2023-04-15,292.19,292.19
1899,162,22,2,2023-10-09,292.19,584.38
1920,55,22,1,2023-11-02,292.19,292.19
1971,466,22,4,2023-03-10,292.19,1168.76
2081,361,22,1,2024-06-12,292.19,292.19
2455,99,22,3,2024-04-01,292.19,876.5699999999999
2489,278,22,2,2023-01-26,292.19,584.38
2581,103,22,1,2023-06-21,292.19,292.19
2599,453,22,4,2024-02-09,292.19,1168.76
2654,321,22,3,2023-02-03,292.19,876.5699999999999
2754,452,22,1,2024-04-19,292.19,292.19
2932,301,22,4,2023-09-22,292.19,1168.76
54,67,11,4,2023-10-16,335.77,1343.08
160,12,11,1,2024-06-21,335.77,335.77
240,160,11,2,2024-06-23,335.77,671.54
337,160,11,1,2023-01-01,335.77,335.77
351,196,11,3,2023-05-19,335.77,1007.31
487,400,11,2,2023-11-30,335.77,671.54
507,278,11,1,2023-09-03,335.77,335.77
616,13,11,3,2023-08-09,335.77,1007.31
637,223,11,2,2023-12-12,335.77,671.54
664,57,11,4,2023-02-22,335.77,1343.08
873,218,11,4,2023-06-07,335.77,1343.08
894,81,11,1,2024-02-24,335.77,335.77
1043,275,11,2,2024-04-11,335.77,671.54
1217,435,11,4,2023-07-27,335.77,1343.08
1236,398,11,1,2024-06-28,335.77,335.77
1272,255,11,2,2023-01-23,335.77,671.54
1437,268,11,4,2024-03-16,335.77,1343.08
1699,483,11,2,2024-05-12,335.77,671.54
1703,139,11,1,2023-09-30,335.77,335.77
1720,284,11,3,2024-05-06,335.77,1007.31
1743,465,11,2,2023-09-20,335.77,671.54
1892,123,11,1,2023-02-23,335.77,335.77
2239,90,11,1,2023-01-18,335.77,335.77
2950,166,11,4,2024-04-20,335.77,1343.08
2968,73,11,1,2023-09-12,335.77,335.77
56,381,57,3,2024-02-15,57.9,173.7
131,114,57,2,2024-05-28,57.9,115.8
244,130,57,1,2024-08-19,57.9,57.9
254,345,57,3,2023-10-08,57.9,173.7
258,178,57,1,2023-03-01,57.9,57.9
342,188,57,3,2023-02-22,57.9,173.7
601,320,57,3,2023-10-06,57.9,173.7
683,24,57,2,2023-04-11,57.9,115.8
766,35,57,2,2023-04-21,57.9,115.8
848,399,57,3,2024-01-20,57.9,173.7
864,142,57,3,2023-08-27,57.9,173.7
1184,115,57,4,2023-04-20,57.9,231.6
1294,172,57,4,2023-05-05,57.9,231.6
1385,369,57,2,2023-02-17,57.9,115.8
1413,59,57,2,2023-06-13,57.9,115.8
1493,210,57,4,2023-08-23,57.9,231.6
1524,213,57,4,2023-11-03,57.9,231.6
1671,342,57,3,2024-08-11,57.9,173.7
1737,149,57,1,2024-04-17,57.9,57.9
1750,17,57,3,2024-06-28,57.9,173.7
1786,260,57,4,2023-03-28,57.9,231.6
1905,322,57,4,2024-04-16,57.9,231.6
2005,320,57,3,2024-04-04,57.9,173.7
2110,263,57,2,2024-02-04,57.9,115.8
2129,13,57,4,2024-07-07,57.9,231.6
2482,203,57,3,2024-06-24,57.9,173.7
2574,54,57,3,2024-04-04,57.9,173.7
2603,306,57,4,2024-07-11,57.9,231.6
2681,477,57,1,2024-04-25,57.9,57.9
2771,83,57,1,2023-05-20,57.9,57.9
58,259,4,2,2024-01-19,197.34,394.68
280,260,4,2,2024-06-24,197.34,394.68
386,277,4,1,2024-08-11,197.34,197.34
499,457,4,1,2024-05-24,197.34,197.34
530,149,4,1,2023-10-19,197.34,197.34
654,469,4,1,2023-01-17,197.34,197.34
743,137,4,4,2023-10-26,197.34,789.36
788,419,4,2,2023-07-30,197.34,394.68
940,319,4,3,2024-01-18,197.34,592.02
981,227,4,3,2023-10-02,197.34,592.02
1124,279,4,2,2023-06-10,197.34,394.68
1166,21,4,4,2023-11-22,197.34,789.36
1202,30,4,2,2023-07-11,197.34,394.68
1221,201,4,1,2023-07-23,197.34,197.34
1301,465,4,3,2023-03-10,197.34,592.02
1389,404,4,4,2023-04-17,197.34,789.36
1439,240,4,1,2023-03-28,197.34,197.34
1457,175,4,2,2023-07-30,197.34,394.68
1663,68,4,2,2023-09-16,197.34,394.68
1738,246,4,3,2024-06-16,197.34,592.02
1796,337,4,3,2023-04-07,197.34,592.02
1798,225,4,2,2023-11-22,197.34,394.68
1801,147,4,3,2023-03-09,197.34,592.02
1826,464,4,1,2023-01-19,197.34,197.34
1835,222,4,2,2024-01-08,197.34,394.68
1952,148,4,4,2024-05-23,197.34,789.36
2209,228,4,2,2023-03-23,197.34,394.68
2215,264,4,2,2023-05-21,197.34,394.68
2229,98,4,3,2024-04-22,197.34,592.02
2464,116,4,2,2024-01-30,197.34,394.68
2501,99,4,3,2023-06-05,197.34,592.02
2502,76,4,3,2023-05-27,197.34,592.02
2804,214,4,3,2024-06-03,197.34,592.02
2988,480,4,3,2023-09-08,197.34,592.02
2994,69,4,1,2023-12-17,197.34,197.34
59,342,86,2,2023-06-01,295.37,590.74
132,237,86,4,2023-03-25,295.37,1181.48
226,12,86,4,2024-06-15,295.37,1181.48
330,242,86,4,2023-02-12,295.37,1181.48
452,223,86,3,2024-05-30,295.37,886.11
535,302,86,3,2023-01-10,295.37,886.11
653,230,86,2,2024-07-30,295.37,590.74
886,178,86,4,2024-05-04,295.37,1181.48
911,98,86,2,2023-08-18,295.37,590.74
994,268,86,4,2024-01-19,295.37,1181.48
1016,268,86,4,2023-09-14,295.37,1181.48
1108,156,86,1,2024-05-07,295.37,295.37
1229,251,86,2,2023-05-16,295.37,590.74
1275,477,86,3,2023-05-18,295.37,886.11
1672,309,86,1,2024-04-07,295.37,295.37
1676,387,86,3,2023-08-09,295.37,886.11
1858,389,86,4,2024-02-15,295.37,1181.48
2054,273,86,4,2024-05-06,295.37,1181.48
2090,31,86,4,2024-01-03,295.37,1181.48
2285,57,86,2,2023-12-03,295.37,590.74
2357,139,86,2,2023-04-30,295.37,590.74
2486,378,86,3,2023-02-15,295.37,886.11
2488,401,86,1,2024-06-23,295.37,295.37
2544,283,86,4,2023-09-07,295.37,1181.48
2572,249,86,1,2024-07-26,295.37,295.37
2993,366,86,3,2024-08-04,295.37,886.11
60,326,7,1,2023-11-15,189.76,189.76
204,336,7,4,2023-05-26,189.76,759.04
380,97,7,2,2024-03-01,189.76,379.52
584,128,7,1,2024-02-09,189.76,189.76
1129,325,7,4,2023-09-05,189.76,759.04
1277,369,7,3,2024-07-06,189.76,569.28
1309,431,7,2,2023-09-23,189.76,379.52
1407,305,7,1,2024-05-06,189.76,189.76
1719,8,7,4,2024-05-16,189.76,759.04
1742,5,7,1,2023-01-12,189.76,189.76
1779,462,7,4,2024-06-11,189.76,759.04
1787,391,7,4,2024-07-06,189.76,759.04
1883,398,7,3,2023-06-30,189.76,569.28
2121,310,7,3,2024-03-10,189.76,569.28
2302,434,7,4,2024-07-27,189.76,759.04
2319,78,7,4,2024-07-07,189.76,759.04
2369,260,7,3,2023-10-26,189.76,569.28
2541,195,7,1,2023-12-30,189.76,189.76
2634,162,7,1,2023-06-09,189.76,189.76
2670,1,7,1,2024-06-19,189.76,189.76
2711,339,7,2,2023-09-22,189.76,379.52
2846,169,7,2,2023-05-30,189.76,379.52
2947,288,7,3,2023-02-15,189.76,569.28
63,172,88,2,2024-04-06,369.75,739.5
100,279,88,2,2024-07-01,369.75,739.5
195,281,88,3,2024-08-07,369.75,1109.25
390,290,88,2,2024-04-26,369.75,739.5
593,364,88,1,2023-01-14,369.75,369.75
624,54,88,1,2023-12-21,369.75,369.75
659,202,88,3,2024-03-06,369.75,1109.25
895,152,88,1,2024-07-26,369.75,369.75
938,192,88,1,2023-04-22,369.75,369.75
948,383,88,3,2023-04-25,369.75,1109.25
1005,393,88,3,2023-01-23,369.75,1109.25
1427,45,88,3,2024-06-10,369.75,1109.25
1435,445,88,2,2024-07-20,369.75,739.5
1537,146,88,4,2023-08-20,369.75,1479.0
1630,306,88,3,2023-10-07,369.75,1109.25
1732,310,88,1,2023-03-12,369.75,369.75
1898,375,88,1,2024-06-23,369.75,369.75
2050,417,88,3,2023-09-09,369.75,1109.25
2116,492,88,2,2023-12-14,369.75,739.5
2163,409,88,4,2023-01-14,369.75,1479.0
2205,373,88,4,2023-05-22,369.75,1479.0
2291,282,88,4,2023-03-10,369.75,1479.0
2421,55,88,3,2024-05-15,369.75,1109.25
2500,149,88,4,2024-06-14,369.75,1479.0
2518,362,88,2,2023-10-27,369.75,739.5
2562,116,88,1,2024-03-23,369.75,369.75
2766,440,88,2,2024-01-06,369.75,739.5
2770,272,88,2,2023-10-12,369.75,739.5
2775,464,88,1,2023-09-15,369.75,369.75
2896,266,88,3,2024-01-20,369.75,1109.25
2971,403,88,1,2023-12-24,369.75,369.75
64,258,68,4,2023-01-12,410.5,1642.0
86,158,68,4,2024-01-25,410.5,1642.0
89,400,68,2,2024-08-22,410.5,821.0
472,190,68,4,2023-05-23,410.5,1642.0
728,161,68,4,2024-08-12,410.5,1642.0
910,198,68,1,2023-05-28,410.5,410.5
1010,104,68,3,2023-08-04,410.5,1231.5
1159,4,68,2,2024-06-04,410.5,821.0
1223,468,68,2,2024-05-31,410.5,821.0
1399,106,68,1,2023-03-13,410.5,410.5
1408,41,68,1,2023-07-08,410.5,410.5
1567,417,68,4,2024-04-27,410.5,1642.0
1722,145,68,2,2023-08-22,410.5,821.0
1893,358,68,3,2024-02-07,410.5,1231.5
1895,66,68,2,2023-12-15,410.5,821.0
2016,428,68,1,2023-04-05,410.5,410.5
2292,241,68,2,2023-08-24,410.5,821.0
2366,466,68,2,2024-05-28,410.5,821.0
2537,271,68,3,2023-06-14,410.5,1231.5
2546,447,68,4,2023-04-27,410.5,1642.0
2641,10,68,1,2024-05-27,410.5,410.5
2777,124,68,2,2024-03-15,410.5,821.0
2883,403,68,1,2024-06-29,410.5,410.5
67,291,1,4,2024-02-05,186.4,745.6
72,264,1,1,2023-07-22,186.4,186.4
88,55,1,3,2023-01-22,186.4,559.2
184,347,1,4,2023-02-25,186.4,745.6
371,17,1,4,2023-06-02,186.4,745.6
397,401,1,3,2023-06-05,186.4,559.2
799,188,1,1,2023-11-21,186.4,186.4
852,203,1,4,2024-03-06,186.4,745.6
929,76,1,2,2023-02-01,186.4,372.8
985,279,1,4,2024-08-21,186.4,745.6
1066,283,1,2,2023-09-24,186.4,372.8
1070,353,1,3,2023-03-02,186.4,559.2
1436,109,1,3,2024-05-13,186.4,559.2
1622,154,1,1,2024-08-13,186.4,186.4
1643,124,1,2,2024-04-07,186.4,372.8
1792,328,1,3,2023-09-22,186.4,559.2
1802,63,1,2,2023-03-18,186.4,372.8
1848,65,1,4,2024-04-30,186.4,745.6
1974,415,1,1,2023-03-27,186.4,186.4
2166,188,1,3,2024-07-02,186.4,559.2
2183,187,1,1,2024-04-28,186.4,186.4
2361,19,1,3,2023-09-12,186.4,559.2
2371,371,1,1,2024-01-28,186.4,186.4
2427,155,1,2,2024-03-16,186.4,372.8
2499,435,1,1,2024-08-08,186.4,186.4
2607,25,1,3,2024-05-01,186.4,559.2
2615,379,1,4,2023-09-18,186.4,745.6
2657,51,1,1,2024-08-14,186.4,186.4
2712,43,1,2,2023-03-29,186.4,372.8
2855,204,1,2,2023-03-18,186.4,372.8
2986,151,1,1,2024-04-13,186.4,186.4
68,354,55,4,2023-06-26,264.96,1059.84
102,115,55,4,2023-06-19,264.96,1059.84
105,5,55,3,2023-10-19,264.96,794.8799999999999
278,97,55,2,2024-03-01,264.96,529.92
461,451,55,2,2023-03-18,264.96,529.92
489,288,55,2,2023-02-28,264.96,529.92
511,213,55,2,2023-03-29,264.96,529.92
580,295,55,3,2023-08-17,264.96,794.8799999999999
684,162,55,3,2023-02-25,264.96,794.8799999999999
726,118,55,1,2023-07-11,264.96,264.96
834,107,55,4,2023-11-02,264.96,1059.84
984,436,55,4,2024-07-26,264.96,1059.84
1030,129,55,2,2024-08-13,264.96,529.92
1067,325,55,3,2024-06-24,264.96,794.8799999999999
1351,422,55,4,2024-04-25,264.96,1059.84
1697,280,55,2,2023-07-15,264.96,529.92
1907,474,55,1,2023-08-23,264.96,264.96
2041,439,55,1,2023-09-14,264.96,264.96
2060,21,55,1,2023-10-07,264.96,264.96
2089,100,55,2,2023-01-31,264.96,529.92
2189,134,55,4,2023-09-14,264.96,1059.84
2269,456,55,2,2023-03-09,264.96,529.92
2295,84,55,4,2023-02-26,264.96,1059.84
2297,361,55,3,2023-04-09,264.96,794.8799999999999
2332,235,55,4,2024-07-03,264.96,1059.84
2491,237,55,4,2023-06-24,264.96,1059.84
2510,327,55,1,2023-11-02,264.96,264.96
2575,326,55,3,2024-05-19,264.96,794.8799999999999
2678,418,55,3,2023-02-14,264.96,794.8799999999999
2685,262,55,3,2023-01-27,264.96,794.8799999999999
2788,390,55,4,2023-10-20,264.96,1059.84
2840,322,55,4,2023-09-07,264.96,1059.84
2918,435,55,1,2023-01-26,264.96,264.96
70,286,78,4,2023-02-26,391.36,1565.44
154,143,78,3,2024-03-28,391.36,1174.08
161,239,78,4,2023-12-02,391.36,1565.44
231,141,78,3,2024-05-18,391.36,1174.08
274,263,78,4,2024-03-21,391.36,1565.44
455,360,78,1,2024-02-14,391.36,391.36
768,410,78,2,2024-03-08,391.36,782.72
863,384,78,1,2024-07-30,391.36,391.36
1092,450,78,2,2024-07-06,391.36,782.72
1127,150,78,4,2024-06-11,391.36,1565.44
1260,196,78,3,2024-05-06,391.36,1174.08
1265,361,78,1,2023-06-22,391.36,391.36
1525,62,78,1,2023-05-24,391.36,391.36
1535,438,78,3,2023-08-22,391.36,1174.08
1548,364,78,1,2023-09-21,391.36,391.36
1569,167,78,3,2023-07-24,391.36,1174.08
1571,440,78,2,2024-02-04,391.36,782.72
1592,475,78,2,2024-02-13,391.36,782.72
1698,125,78,2,2023-09-06,391.36,782.72
1759,70,78,3,2024-07-22,391.36,1174.08
1817,214,78,3,2023-11-09,391.36,1174.08
1964,30,78,3,2023-06-29,391.36,1174.08
1986,441,78,4,2024-02-16,391.36,1565.44
1999,264,78,4,2024-07-23,391.36,1565.44
2260,441,78,1,2024-08-10,391.36,391.36
2344,70,78,4,2023-10-25,391.36,1565.44
2406,421,78,2,2023-11-16,391.36,782.72
2431,364,78,3,2023-04-06,391.36,1174.08
2447,327,78,2,2023-04-21,391.36,782.72
2552,24,78,1,2023-10-19,391.36,391.36
2642,214,78,4,2023-02-27,391.36,1565.44
2643,273,78,4,2023-04-03,391.36,1565.44
2691,63,78,4,2023-04-13,391.36,1565.44
2870,427,78,2,2024-05-23,391.36,782.72
2874,157,78,4,2024-02-01,391.36,1565.44
2895,283,78,3,2024-08-17,391.36,1174.08
2923,278,78,3,2023-04-16,391.36,1174.08
75,442,29,3,2023-12-29,14.03,42.089999999999996
134,361,29,2,2023-05-13,14.03,28.06
180,399,29,3,2024-02-20,14.03,42.089999999999996
193,25,29,4,2023-04-20,14.03,56.12
215,117,29,4,2023-07-30,14.03,56.12
232,31,29,4,2023-02-06,14.03,56.12
312,386,29,2,2024-04-01,14.03,28.06
319,149,29,2,2024-07-13,14.03,28.06
415,109,29,3,2023-01-20,14.03,42.089999999999996
474,370,29,4,2024-06-28,14.03,56.12
574,191,29,3,2023-12-22,14.03,42.089999999999996
614,425,29,3,2024-04-08,14.03,42.089999999999996
1338,429,29,1,2024-03-02,14.03,14.03
1352,262,29,4,2023-03-25,14.03,56.12
1527,127,29,2,2023-06-18,14.03,28.06
1611,365,29,2,2023-12-17,14.03,28.06
1632,315,29,4,2023-08-28,14.03,56.12
1646,87,29,3,2023-09-12,14.03,42.089999999999996
1650,201,29,3,2024-04-22,14.03,42.089999999999996
1754,304,29,2,2024-03-31,14.03,28.06
1820,54,29,2,2024-06-09,14.03,28.06
1873,462,29,3,2023-07-06,14.03,42.089999999999996
1933,21,29,2,2024-01-01,14.03,28.06
1938,281,29,1,2023-02-03,14.03,14.03
2259,362,29,2,2024-01-13,14.03,28.06
2330,428,29,1,2023-08-20,14.03,14.03
2362,471,29,3,2023-12-02,14.03,42.089999999999996
2492,425,29,1,2024-05-30,14.03,14.03
2549,482,29,1,2024-05-23,14.03,14.03
2584,317,29,2,2023-10-11,14.03,28.06
2692,49,29,3,2024-05-17,14.03,42.089999999999996
2698,192,29,2,2024-04-22,14.03,28.06
2789,97,29,2,2023-01-25,14.03,28.06
2802,489,29,4,2023-06-29,14.03,56.12
2863,2,29,3,2023-01-11,14.03,42.089999999999996
76,36,5,4,2024-03-29,227.1,908.4
107,360,5,3,2023-05-21,227.1,681.3
122,272,5,2,2023-07-22,227.1,454.2
406,449,5,4,2024-07-03,227.1,908.4
494,271,5,3,2023-09-03,227.1,681.3
518,405,5,3,2023-12-09,227.1,681.3
962,411,5,1,2024-03-02,227.1,227.1
1006,47,5,1,2024-07-19,227.1,227.1
1028,417,5,3,2023-02-20,227.1,681.3
1116,34,5,1,2023-05-12,227.1,227.1
1227,63,5,1,2024-03-13,227.1,227.1
1392,90,5,3,2024-03-31,227.1,681.3
1589,427,5,4,2023-05-07,227.1,908.4
1609,388,5,1,2024-04-25,227.1,227.1
2222,59,5,4,2023-01-08,227.1,908.4
2389,352,5,2,2023-09-17,227.1,454.2
79,477,21,2,2024-07-08,202.42,404.84
96,3,21,2,2023-04-16,202.42,404.84
326,65,21,4,2023-09-22,202.42,809.68
376,130,21,3,2023-12-11,202.42,607.26
402,467,21,3,2023-05-12,202.42,607.26
446,38,21,3,2023-08-01,202.42,607.26
496,424,21,4,2023-11-28,202.42,809.68
516,113,21,2,2024-07-11,202.42,404.84
833,184,21,1,2023-06-06,202.42,202.42
897,61,21,1,2024-03-19,202.42,202.42
990,403,21,2,2024-04-06,202.42,404.84
1004,55,21,1,2024-07-15,202.42,202.42
1013,316,21,1,2023-03-31,202.42,202.42
1075,154,21,1,2023-02-13,202.42,202.42
1274,16,21,3,2024-07-19,202.42,607.26
1347,361,21,4,2023-05-23,202.42,809.68
1533,284,21,2,2024-04-11,202.42,404.84
1568,408,21,3,2024-06-26,202.42,607.26
1871,290,21,1,2024-01-02,202.42,202.42
2109,264,21,1,2024-04-17,202.42,202.42
2131,49,21,2,2024-02-27,202.42,404.84
2195,55,21,2,2024-06-23,202.42,404.84
2348,355,21,1,2024-07-28,202.42,202.42
2550,477,21,4,2023-06-14,202.42,809.68
2617,374,21,2,2023-08-20,202.42,404.84
2724,216,21,1,2023-01-03,202.42,202.42
2786,140,21,4,2023-05-27,202.42,809.68
2899,352,21,1,2024-06-01,202.42,202.42
2965,132,21,1,2024-03-07,202.42,202.42
2967,379,21,3,2023-05-31,202.42,607.26
80,287,71,4,2023-01-23,109.96,439.84
198,289,71,2,2023-12-22,109.96,219.92
230,92,71,3,2023-07-21,109.96,329.88
314,219,71,1,2024-06-03,109.96,109.96
416,435,71,4,2023-08-27,109.96,439.84
529,18,71,3,2023-11-06,109.96,329.88
619,420,71,3,2024-02-03,109.96,329.88
721,476,71,4,2023-03-24,109.96,439.84
1147,423,71,2,2024-04-01,109.96,219.92
1183,210,71,2,2024-04-16,109.96,219.92
1335,260,71,4,2024-06-25,109.96,439.84
1440,417,71,1,2024-03-13,109.96,109.96
1454,431,71,4,2024-03-06,109.96,439.84
1579,193,71,3,2024-06-30,109.96,329.88
1803,294,71,1,2023-07-27,109.96,109.96
1847,67,71,4,2023-09-15,109.96,439.84
1932,269,71,4,2023-12-12,109.96,439.84
1966,260,71,2,2024-08-05,109.96,219.92
1968,59,71,4,2023-09-13,109.96,439.84
2250,288,71,2,2023-01-24,109.96,219.92
2359,89,71,1,2023-09-17,109.96,109.96
2374,125,71,4,2024-08-16,109.96,439.84
2435,228,71,3,2023-09-03,109.96,329.88
2496,256,71,1,2023-05-15,109.96,109.96
2539,421,71,3,2023-03-27,109.96,329.88
2570,169,71,2,2023-10-29,109.96,219.92
2637,9,71,1,2023-06-29,109.96,109.96
2645,48,71,2,2023-08-20,109.96,219.92
2704,100,71,3,2023-09-11,109.96,329.88
2719,270,71,1,2023-02-15,109.96,109.96
2748,379,71,1,2024-02-03,109.96,109.96
2869,154,71,3,2024-07-29,109.96,329.88
2875,495,71,4,2023-06-29,109.96,439.84
2938,83,71,2,2023-02-03,109.96,219.92
82,311,47,1,2023-07-05,307.12,307.12
163,42,47,2,2023-11-17,307.12,614.24
170,490,47,1,2023-10-22,307.12,307.12
178,14,47,2,2024-02-20,307.12,614.24
536,360,47,2,2023-02-18,307.12,614.24
973,248,47,2,2023-12-30,307.12,614.24
1008,432,47,4,2023-02-28,307.12,1228.48
1084,486,47,2,2023-11-21,307.12,614.24
1115,180,47,1,2024-04-07,307.12,307.12
1250,89,47,2,2024-07-29,307.12,614.24
1252,203,47,2,2023-09-26,307.12,614.24
1295,417,47,4,2023-02-10,307.12,1228.48
1328,157,47,3,2023-05-11,307.12,921.36
1342,194,47,4,2024-02-17,307.12,1228.48
1451,343,47,1,2024-07-31,307.12,307.12
1489,331,47,2,2023-01-31,307.12,614.24
1718,341,47,3,2024-06-26,307.12,921.36
1772,192,47,1,2024-05-30,307.12,307.12
1823,320,47,2,2023-02-11,307.12,614.24
1951,52,47,1,2024-07-23,307.12,307.12
2037,316,47,1,2023-07-09,307.12,307.12
2117,428,47,2,2023-06-15,307.12,614.24
2393,321,47,4,2023-07-12,307.12,1228.48
2418,252,47,4,2023-01-27,307.12,1228.48
2554,4,47,1,2023-07-23,307.12,307.12
2569,318,47,4,2024-06-18,307.12,1228.48
2807,450,47,2,2024-04-07,307.12,614.24
83,208,84,4,2023-09-06,313.81,1255.24
391,264,84,1,2024-03-31,313.81,313.81
392,443,84,4,2023-10-24,313.81,1255.24
501,488,84,2,2023-07-18,313.81,627.62
579,30,84,1,2024-05-06,313.81,313.81
597,388,84,1,2024-03-18,313.81,313.81
629,121,84,3,2024-03-22,313.81,941.4300000000001
786,295,84,2,2023-09-18,313.81,627.62
978,97,84,3,2023-12-03,313.81,941.4300000000001
992,307,84,3,2024-06-06,313.81,941.4300000000001
1213,150,84,1,2023-01-09,313.81,313.81
1234,431,84,1,2023-12-04,313.81,313.81
1477,378,84,3,2024-02-29,313.81,941.4300000000001
1494,51,84,2,2023-04-17,313.81,627.62
1531,408,84,1,2023-03-01,313.81,313.81
1607,321,84,4,2023-08-23,313.81,1255.24
1623,155,84,3,2024-03-14,313.81,941.4300000000001
1647,134,84,4,2023-07-27,313.81,1255.24
1659,109,84,4,2024-02-14,313.81,1255.24
1950,54,84,2,2023-11-13,313.81,627.62
2013,137,84,3,2023-04-03,313.81,941.4300000000001
2124,356,84,4,2023-11-04,313.81,1255.24
2281,102,84,1,2024-07-25,313.81,313.81
2452,117,84,2,2023-04-11,313.81,627.62
2583,85,84,2,2023-11-30,313.81,627.62
2656,217,84,3,2023-07-18,313.81,941.4300000000001
2795,118,84,2,2023-05-21,313.81,627.62
2879,41,84,4,2024-04-04,313.81,1255.24
2913,266,84,3,2023-07-15,313.81,941.4300000000001
2943,237,84,1,2023-06-17,313.81,313.81
84,106,83,4,2023-05-14,52.29,209.16
233,334,83,4,2024-08-11,52.29,209.16
271,190,83,4,2024-07-13,52.29,209.16
309,86,83,3,2023-11-16,52.29,156.87
470,378,83,3,2024-01-03,52.29,156.87
484,181,83,1,2023-09-25,52.29,52.29
526,268,83,1,2023-11-13,52.29,52.29
719,113,83,1,2023-12-19,52.29,52.29
736,399,83,4,2023-07-29,52.29,209.16
837,250,83,4,2023-07-06,52.29,209.16
900,442,83,1,2023-02-26,52.29,52.29
924,368,83,3,2023-03-02,52.29,156.87
959,116,83,1,2024-05-18,52.29,52.29
1226,206,83,4,2023-12-05,52.29,209.16
1249,308,83,1,2024-08-10,52.29,52.29
1417,39,83,2,2023-06-19,52.29,104.58
1600,392,83,2,2024-06-10,52.29,104.58
1678,354,83,3,2024-02-15,52.29,156.87
1691,359,83,1,2024-04-14,52.29,52.29
1755,108,83,3,2024-08-10,52.29,156.87
1811,287,83,3,2023-11-28,52.29,156.87
1935,53,83,2,2024-05-27,52.29,104.58
2178,186,83,3,2023-07-27,52.29,156.87
2284,188,83,3,2023-05-05,52.29,156.87
2288,489,83,4,2023-06-27,52.29,209.16
2300,54,83,1,2024-04-05,52.29,52.29
2304,411,83,2,2024-04-13,52.29,104.58
2313,390,83,2,2024-05-02,52.29,104.58
2571,313,83,1,2024-06-10,52.29,52.29
2661,383,83,1,2023-03-19,52.29,52.29
2925,98,83,4,2023-09-03,52.29,209.16
85,446,35,4,2023-11-17,463.88,1855.52
118,456,35,2,2024-02-19,463.88,927.76
404,416,35,2,2023-05-18,463.88,927.76
438,442,35,3,2023-10-03,463.88,1391.6399999999999
443,8,35,2,2023-02-16,463.88,927.76
451,337,35,1,2023-03-14,463.88,463.88
595,3,35,1,2023-07-28,463.88,463.88
968,26,35,3,2024-04-03,463.88,1391.6399999999999
1095,364,35,2,2024-01-22,463.88,927.76
1104,286,35,1,2023-03-08,463.88,463.88
1134,347,35,3,2023-03-03,463.88,1391.6399999999999
1136,289,35,4,2023-02-11,463.88,1855.52
1140,418,35,1,2023-04-16,463.88,463.88
1231,375,35,2,2023-01-25,463.88,927.76
1412,307,35,2,2024-08-10,463.88,927.76
1608,31,35,2,2023-12-15,463.88,927.76
1655,431,35,4,2023-05-13,463.88,1855.52
1760,183,35,3,2023-02-01,463.88,1391.6399999999999
1808,431,35,4,2023-12-10,463.88,1855.52
1940,31,35,3,2023-03-21,463.88,1391.6399999999999
2044,23,35,1,2023-12-09,463.88,463.88
2084,489,35,4,2023-08-06,463.88,1855.52
2164,228,35,3,2024-05-14,463.88,1391.6399999999999
2296,308,35,2,2023-10-04,463.88,927.76
2367,154,35,3,2023-08-30,463.88,1391.6399999999999
2456,113,35,4,2024-03-16,463.88,1855.52
2606,357,35,3,2024-04-23,463.88,1391.6399999999999
2694,368,35,1,2023-09-02,463.88,463.88
2972,248,35,4,2024-01-05,463.88,1855.52
87,121,69,2,2024-03-09,442.68,885.36
200,95,69,4,2024-07-10,442.68,1770.72
467,105,69,3,2024-01-17,442.68,1328.04
491,226,69,3,2023-03-04,442.68,1328.04
669,71,69,4,2023-01-31,442.68,1770.72
779,261,69,3,2023-04-24,442.68,1328.04
1035,176,69,4,2023-10-18,442.68,1770.72
1107,277,69,4,2024-04-14,442.68,1770.72
1190,443,69,2,2023-01-11,442.68,885.36
1198,328,69,4,2023-07-03,442.68,1770.72
1251,142,69,2,2023-12-11,442.68,885.36
1322,406,69,2,2024-02-19,442.68,885.36
1363,467,69,3,2024-04-22,442.68,1328.04
1566,380,69,4,2023-04-02,442.68,1770.72
1618,67,69,4,2024-04-12,442.68,1770.72
1656,126,69,3,2023-02-24,442.68,1328.04
1922,118,69,3,2024-04-08,442.68,1328.04
1924,231,69,1,2023-08-04,442.68,442.68
1992,96,69,1,2023-09-30,442.68,442.68
2029,179,69,1,2023-04-02,442.68,442.68
2221,214,69,4,2023-03-29,442.68,1770.72
2263,394,69,1,2024-07-26,442.68,442.68
2283,438,69,4,2024-02-12,442.68,1770.72
2472,114,69,1,2024-03-23,442.68,442.68
2473,257,69,2,2024-04-18,442.68,885.36
2480,266,69,4,2023-09-21,442.68,1770.72
2682,73,69,4,2023-11-05,442.68,1770.72
2949,176,69,1,2023-02-22,442.68,442.68
2954,283,69,2,2024-05-01,442.68,885.36
2996,432,69,3,2023-06-16,442.68,1328.04
90,12,12,2,2023-05-05,311.65,623.3
358,227,12,4,2023-04-25,311.65,1246.6
428,228,12,1,2023-01-19,311.65,311.65
497,402,12,1,2024-06-10,311.65,311.65
548,22,12,3,2023-04-21,311.65,934.9499999999999
608,384,12,2,2023-09-14,311.65,623.3
861,492,12,4,2024-02-01,311.65,1246.6
869,82,12,1,2024-07-24,311.65,311.65
979,42,12,4,2024-04-16,311.65,1246.6
1313,76,12,1,2023-03-18,311.65,311.65
1443,103,12,4,2024-07-13,311.65,1246.6
1466,420,12,4,2023-09-17,311.65,1246.6
1503,155,12,1,2023-11-13,311.65,311.65
1529,409,12,1,2023-08-21,311.65,311.65
1573,421,12,2,2023-05-26,311.65,623.3
1694,385,12,1,2024-04-26,311.65,311.65
1724,164,12,3,2023-05-28,311.65,934.9499999999999
1726,147,12,3,2023-12-27,311.65,934.9499999999999
1841,282,12,3,2024-03-04,311.65,934.9499999999999
1866,194,12,2,2024-01-13,311.65,623.3
1942,183,12,3,2023-09-09,311.65,934.9499999999999
1981,75,12,4,2024-02-03,311.65,1246.6
2245,96,12,3,2023-10-30,311.65,934.9499999999999
2652,102,12,3,2023-01-14,311.65,934.9499999999999
2890,290,12,4,2023-11-11,311.65,1246.6
2919,48,12,1,2024-02-14,311.65,311.65
2934,7,12,1,2024-04-13,311.65,311.65
2976,377,12,2,2024-01-12,311.65,623.3
2987,111,12,2,2023-02-26,311.65,623.3
2999,203,12,4,2023-12-31,311.65,1246.6
92,400,27,4,2023-02-20,360.47,1441.88
378,48,27,1,2023-06-08,360.47,360.47
426,415,27,2,2023-10-08,360.47,720.94
510,468,27,1,2024-07-17,360.47,360.47
590,144,27,3,2023-03-30,360.47,1081.41
867,314,27,2,2024-02-14,360.47,720.94
942,448,27,1,2024-05-07,360.47,360.47
965,168,27,1,2023-06-15,360.47,360.47
1101,131,27,4,2023-09-05,360.47,1441.88
1305,65,27,2,2023-09-19,360.47,720.94
1306,8,27,3,2023-03-30,360.47,1081.41
1350,87,27,1,2023-06-13,360.47,360.47
1468,485,27,1,2024-05-29,360.47,360.47
1495,118,27,4,2023-07-10,360.47,1441.88
1521,463,27,3,2024-06-08,360.47,1081.41
1590,495,27,2,2023-08-31,360.47,720.94
1702,354,27,3,2023-08-09,360.47,1081.41
1815,22,27,2,2024-03-30,360.47,720.94
1868,104,27,1,2023-07-10,360.47,360.47
2009,121,27,1,2023-11-23,360.47,360.47
2320,202,27,4,2024-03-06,360.47,1441.88
2370,108,27,2,2024-03-28,360.47,720.94
2410,476,27,2,2023-02-16,360.47,720.94
2504,371,27,3,2024-08-21,360.47,1081.41
2563,279,27,1,2023-03-12,360.47,360.47
2673,378,27,1,2023-04-14,360.47,360.47
2740,13,27,2,2023-04-23,360.47,720.94
2811,452,27,2,2023-01-22,360.47,720.94
2944,46,27,4,2023-03-22,360.47,1441.88
94,136,23,4,2023-09-10,269.13,1076.52
140,449,23,2,2023-08-01,269.13,538.26
360,221,23,1,2023-03-09,269.13,269.13
388,203,23,3,2023-03-26,269.13,807.39
636,243,23,1,2024-07-28,269.13,269.13
807,414,23,3,2023-12-08,269.13,807.39
883,445,23,4,2023-03-10,269.13,1076.52
1017,386,23,3,2024-06-16,269.13,807.39
1111,190,23,1,2023-11-05,269.13,269.13
1197,100,23,2,2023-01-19,269.13,538.26
1204,84,23,1,2024-08-02,269.13,269.13
1247,161,23,2,2024-06-24,269.13,538.26
1331,311,23,1,2023-06-12,269.13,269.13
1562,160,23,2,2023-01-26,269.13,538.26
1684,341,23,4,2023-09-26,269.13,1076.52
1748,12,23,2,2024-05-13,269.13,538.26
1989,349,23,1,2024-02-24,269.13,269.13
2055,452,23,1,2024-07-28,269.13,269.13
2097,310,23,1,2023-04-26,269.13,269.13
2101,100,23,4,2023-05-08,269.13,1076.52
2111,292,23,3,2024-08-14,269.13,807.39
2177,92,23,3,2023-01-08,269.13,807.39
2254,17,23,3,2023-06-21,269.13,807.39
2258,199,23,2,2024-04-06,269.13,538.26
2403,86,23,2,2023-11-24,269.13,538.26
2532,412,23,3,2024-08-20,269.13,807.39
2633,443,23,1,2023-09-30,269.13,269.13
2666,96,23,4,2023-01-07,269.13,1076.52
2667,423,23,2,2023-06-09,269.13,538.26
2703,271,23,4,2024-06-14,269.13,1076.52
2909,65,23,1,2023-03-09,269.13,269.13
2955,54,23,3,2024-05-16,269.13,807.39
95,468,25,2,2023-09-03,383.62,767.24
101,348,25,1,2023-09-25,383.62,383.62
212,390,25,1,2024-01-06,383.62,383.62
219,482,25,2,2023-07-11,383.62,767.24
297,116,25,2,2023-03-06,383.62,767.24
471,119,25,1,2023-03-25,383.62,383.62
481,258,25,4,2023-02-12,383.62,1534.48
503,334,25,2,2024-07-11,383.62,767.24
746,325,25,2,2023-05-29,383.62,767.24
950,366,25,2,2024-06-30,383.62,767.24
1003,72,25,4,2023-05-14,383.62,1534.48
1255,489,25,2,2023-02-02,383.62,767.24
1258,222,25,1,2024-07-15,383.62,383.62
1264,2,25,1,2023-02-08,383.62,383.62
1354,153,25,4,2024-05-31,383.62,1534.48
1480,41,25,2,2023-12-14,383.62,767.24
1613,325,25,3,2023-02-20,383.62,1150.8600000000001
1723,101,25,3,2024-02-20,383.62,1150.8600000000001
1752,147,25,4,2023-08-17,383.62,1534.48
1904,188,25,1,2023-12-07,383.62,383.62
1994,294,25,4,2023-05-08,383.62,1534.48
2030,421,25,3,2024-08-22,383.62,1150.8600000000001
2094,329,25,2,2024-02-22,383.62,767.24
2144,280,25,4,2023-10-08,383.62,1534.48
2168,230,25,3,2024-06-13,383.62,1150.8600000000001
2179,460,25,3,2023-05-11,383.62,1150.8600000000001
2272,495,25,3,2024-01-26,383.62,1150.8600000000001
2324,222,25,2,2024-07-18,383.62,767.24
2331,493,25,2,2023-01-07,383.62,767.24
2439,247,25,4,2024-04-21,383.62,1534.48
2760,371,25,2,2024-08-21,383.62,767.24
2857,387,25,1,2024-02-16,383.62,383.62
99,237,52,3,2023-10-29,94.67,284.01
627,462,52,3,2024-06-18,94.67,284.01
781,70,52,3,2024-07-21,94.67,284.01
840,21,52,3,2024-07-21,94.67,284.01
845,7,52,4,2023-05-19,94.67,378.68
849,466,52,4,2023-07-17,94.67,378.68
918,112,52,2,2024-01-17,94.67,189.34
1000,164,52,3,2024-04-08,94.67,284.01
1023,283,52,1,2023-10-27,94.67,94.67
1063,59,52,4,2023-08-15,94.67,378.68
1336,406,52,3,2023-12-25,94.67,284.01
1344,162,52,2,2023-05-27,94.67,189.34
1377,340,52,4,2023-05-04,94.67,378.68
1378,312,52,4,2023-01-19,94.67,378.68
1674,343,52,1,2023-05-07,94.67,94.67
1717,487,52,2,2023-07-19,94.67,189.34
1790,48,52,4,2024-05-21,94.67,378.68
1878,358,52,1,2023-02-03,94.67,94.67
2068,101,52,3,2023-12-02,94.67,284.01
2220,45,52,3,2024-02-23,94.67,284.01
2249,143,52,4,2024-06-04,94.67,378.68
2548,164,52,1,2023-02-13,94.67,94.67
2608,112,52,4,2024-07-24,94.67,378.68
2715,488,52,4,2024-01-27,94.67,378.68
2816,391,52,3,2023-06-28,94.67,284.01
2844,412,52,1,2023-05-17,94.67,94.67
2882,108,52,2,2023-05-01,94.67,189.34
2935,305,52,1,2024-04-20,94.67,94.67
104,118,32,2,2024-03-30,325.5,651.0
138,249,32,3,2024-01-11,325.5,976.5
152,406,32,1,2023-09-27,325.5,325.5
216,482,32,1,2023-06-14,325.5,325.5
460,434,32,2,2023-03-29,325.5,651.0
506,114,32,1,2023-09-06,325.5,325.5
626,209,32,3,2023-11-24,325.5,976.5
704,415,32,4,2023-12-25,325.5,1302.0
748,61,32,4,2023-07-30,325.5,1302.0
769,499,32,3,2023-04-09,325.5,976.5
859,426,32,2,2024-05-12,325.5,651.0
878,371,32,3,2024-03-08,325.5,976.5
920,66,32,2,2024-07-26,325.5,651.0
1141,66,32,2,2024-06-11,325.5,651.0
1151,124,32,1,2024-02-20,325.5,325.5
1206,281,32,1,2024-03-02,325.5,325.5
1228,73,32,3,2024-03-20,325.5,976.5
1388,43,32,1,2024-03-10,325.5,325.5
1420,267,32,3,2024-04-14,325.5,976.5
1499,28,32,1,2023-09-02,325.5,325.5
1581,148,32,3,2023-12-25,325.5,976.5
1604,440,32,4,2024-02-17,325.5,1302.0
1816,349,32,2,2023-04-25,325.5,651.0
1921,27,32,1,2023-07-29,325.5,325.5
2010,65,32,3,2023-07-01,325.5,976.5
2424,91,32,4,2023-03-01,325.5,1302.0
2507,188,32,2,2023-11-29,325.5,651.0
2655,191,32,4,2023-07-27,325.5,1302.0
2707,128,32,1,2023-02-06,325.5,325.5
2737,336,32,1,2023-08-22,325.5,325.5
106,468,96,1,2024-07-17,119.81,119.81
249,499,96,1,2024-07-06,119.81,119.81
284,101,96,1,2023-03-06,119.81,119.81
305,470,96,1,2024-01-04,119.81,119.81
363,422,96,1,2023-11-22,119.81,119.81
374,425,96,2,2023-05-08,119.81,239.62
387,284,96,4,2024-02-23,119.81,479.24
403,69,96,3,2024-01-17,119.81,359.43
433,391,96,4,2024-04-09,119.81,479.24
458,450,96,2,2024-04-20,119.81,239.62
650,227,96,1,2024-08-07,119.81,119.81
667,273,96,4,2023-10-03,119.81,479.24
731,260,96,3,2024-01-25,119.81,359.43
761,365,96,2,2023-05-03,119.81,239.62
825,106,96,3,2023-12-22,119.81,359.43
1170,437,96,2,2023-12-16,119.81,239.62
1210,154,96,4,2024-05-10,119.81,479.24
1220,275,96,3,2024-05-27,119.81,359.43
1360,218,96,1,2024-05-01,119.81,119.81
1429,168,96,2,2023-09-26,119.81,239.62
1449,347,96,2,2023-05-21,119.81,239.62
1481,423,96,3,2023-01-18,119.81,359.43
1510,350,96,4,2024-05-16,119.81,479.24
1554,172,96,4,2023-04-20,119.81,479.24
1563,313,96,2,2024-01-30,119.81,239.62
1626,448,96,1,2023-07-24,119.81,119.81
1740,487,96,2,2023-03-23,119.81,239.62
1913,295,96,1,2024-08-05,119.81,119.81
1927,321,96,4,2024-06-30,119.81,479.24
2012,147,96,2,2023-01-29,119.81,239.62
2102,109,96,2,2023-08-23,119.81,239.62
2197,7,96,3,2023-08-16,119.81,359.43
2356,332,96,3,2024-07-22,119.81,359.43
2391,495,96,3,2023-11-27,119.81,359.43
2422,456,96,3,2023-09-10,119.81,359.43
2646,436,96,1,2023-12-30,119.81,119.81
2716,78,96,3,2023-04-29,119.81,359.43
2773,210,96,4,2023-10-09,119.81,479.24
2825,248,96,2,2023-12-09,119.81,239.62
2939,385,96,1,2023-09-21,119.81,119.81
109,364,49,3,2024-02-29,139.95,419.84999999999997
190,466,49,1,2023-04-01,139.95,139.95
202,321,49,4,2023-04-15,139.95,559.8
206,238,49,4,2023-06-16,139.95,559.8
259,253,49,3,2023-08-13,139.95,419.84999999999997
289,308,49,3,2023-04-15,139.95,419.84999999999997
457,329,49,3,2024-07-04,139.95,419.84999999999997
562,499,49,1,2023-02-21,139.95,139.95
609,302,49,3,2023-12-12,139.95,419.84999999999997
647,20,49,1,2023-01-15,139.95,139.95
775,49,49,3,2024-05-17,139.95,419.84999999999997
792,100,49,2,2023-01-23,139.95,279.9
892,86,49,1,2023-05-25,139.95,139.95
896,61,49,4,2024-07-14,139.95,559.8
913,330,49,2,2023-03-21,139.95,279.9
993,267,49,2,2024-02-21,139.95,279.9
1110,218,49,2,2023-11-08,139.95,279.9
1471,412,49,4,2024-03-29,139.95,559.8
1741,476,49,1,2024-06-05,139.95,139.95
1916,215,49,2,2023-05-02,139.95,279.9
2069,304,49,1,2024-05-06,139.95,139.95
2136,44,49,4,2023-02-14,139.95,559.8
2170,340,49,4,2024-07-03,139.95,559.8
2299,248,49,4,2023-11-21,139.95,559.8
2305,226,49,4,2024-07-02,139.95,559.8
2547,189,49,1,2024-06-28,139.95,139.95
2801,368,49,2,2023-09-11,139.95,279.9
2823,310,49,2,2023-03-25,139.95,279.9
2835,218,49,3,2024-03-23,139.95,419.84999999999997
2839,17,49,1,2023-07-20,139.95,139.95
2856,71,49,3,2024-01-27,139.95,419.84999999999997
2889,309,49,4,2024-06-15,139.95,559.8
112,286,80,1,2023-05-08,412.19,412.19
128,292,80,4,2024-08-16,412.19,1648.76
227,288,80,4,2023-03-23,412.19,1648.76
353,52,80,2,2023-10-03,412.19,824.38
466,78,80,4,2024-07-31,412.19,1648.76
585,229,80,2,2023-01-11,412.19,824.38
713,113,80,4,2023-06-29,412.19,1648.76
759,198,80,4,2023-02-13,412.19,1648.76
857,199,80,1,2023-03-05,412.19,412.19
939,243,80,4,2023-10-19,412.19,1648.76
966,58,80,2,2024-08-19,412.19,824.38
1081,477,80,3,2023-11-03,412.19,1236.57
1162,303,80,3,2023-10-02,412.19,1236.57
1185,225,80,4,2023-02-06,412.19,1648.76
1324,21,80,3,2023-06-06,412.19,1236.57
1491,266,80,2,2023-12-19,412.19,824.38
1497,377,80,1,2024-08-05,412.19,412.19
1549,354,80,2,2023-03-05,412.19,824.38
1733,173,80,2,2024-04-10,412.19,824.38
1765,417,80,4,2023-05-16,412.19,1648.76
1976,290,80,2,2024-08-15,412.19,824.38
2023,83,80,2,2024-06-08,412.19,824.38
2076,146,80,4,2023-06-19,412.19,1648.76
2188,421,80,2,2023-07-27,412.19,824.38
2312,453,80,1,2023-05-29,412.19,412.19
2373,59,80,2,2024-06-21,412.19,824.38
2461,17,80,2,2024-07-25,412.19,824.38
2515,462,80,2,2023-04-11,412.19,824.38
2624,149,80,4,2024-07-18,412.19,1648.76
2687,308,80,3,2023-11-14,412.19,1236.57
2690,337,80,2,2023-12-31,412.19,824.38
2735,453,80,2,2023-11-11,412.19,824.38
2859,98,80,3,2023-07-20,412.19,1236.57
2868,22,80,2,2023-09-30,412.19,824.38
121,161,41,3,2023-02-25,132.1,396.29999999999995
228,128,41,4,2023-12-29,132.1,528.4
236,477,41,1,2024-06-28,132.1,132.1
520,122,41,4,2023-02-24,132.1,528.4
783,260,41,3,2023-11-30,132.1,396.29999999999995
1225,327,41,2,2024-08-14,132.1,264.2
1263,264,41,4,2023-01-29,132.1,528.4
1496,201,41,1,2024-06-13,132.1,132.1
1585,444,41,4,2023-11-03,132.1,528.4
1783,435,41,1,2023-03-16,132.1,132.1
1970,264,41,4,2023-02-28,132.1,528.4
1987,479,41,1,2024-05-22,132.1,132.1
2142,165,41,1,2023-07-11,132.1,132.1
2146,470,41,2,2023-06-28,132.1,264.2
2377,107,41,4,2023-11-25,132.1,528.4
2585,212,41,4,2024-04-19,132.1,528.4
2701,451,41,4,2024-02-06,132.1,528.4
2702,474,41,1,2024-05-31,132.1,132.1
2736,283,41,1,2023-08-27,132.1,132.1
2764,7,41,3,2024-08-18,132.1,396.29999999999995
2979,434,41,1,2024-03-19,132.1,132.1
123,460,42,1,2023-05-18,146.01,146.01
153,427,42,2,2023-10-19,146.01,292.02
332,213,42,4,2023-10-05,146.01,584.04
334,338,42,3,2023-12-16,146.01,438.03
500,153,42,3,2024-04-07,146.01,438.03
612,411,42,1,2023-07-26,146.01,146.01
791,313,42,3,2024-04-26,146.01,438.03
871,131,42,2,2023-12-23,146.01,292.02
930,344,42,1,2023-06-09,146.01,146.01
1074,418,42,3,2023-05-22,146.01,438.03
1283,64,42,1,2023-09-15,146.01,146.01
1297,445,42,3,2023-01-07,146.01,438.03
1404,265,42,1,2023-06-28,146.01,146.01
1484,285,42,2,2024-01-12,146.01,292.02
1488,307,42,1,2024-07-21,146.01,146.01
1681,51,42,1,2024-04-12,146.01,146.01
1701,111,42,2,2024-04-10,146.01,292.02
1711,214,42,2,2024-05-19,146.01,292.02
1863,257,42,2,2023-09-23,146.01,292.02
1903,358,42,1,2024-05-05,146.01,146.01
1925,53,42,3,2023-03-21,146.01,438.03
2120,488,42,2,2024-08-05,146.01,292.02
2184,175,42,2,2023-02-20,146.01,292.02
2230,226,42,3,2023-11-05,146.01,438.03
2241,393,42,4,2024-02-08,146.01,584.04
2314,294,42,4,2023-01-25,146.01,584.04
2379,245,42,1,2024-04-23,146.01,146.01
2481,315,42,1,2024-06-05,146.01,146.01
2528,147,42,2,2024-03-30,146.01,292.02
2556,290,42,1,2023-05-01,146.01,146.01
2586,3,42,3,2023-02-23,146.01,438.03
2730,481,42,3,2023-04-24,146.01,438.03
2794,69,42,1,2024-05-05,146.01,146.01
2830,319,42,3,2024-05-23,146.01,438.03
2989,436,42,1,2023-05-30,146.01,146.01
124,38,87,2,2024-02-26,88.17,176.34
127,142,87,2,2023-03-12,88.17,176.34
136,258,87,4,2023-03-06,88.17,352.68
323,376,87,3,2023-12-22,88.17,264.51
485,160,87,3,2024-08-18,88.17,264.51
514,435,87,1,2023-01-20,88.17,88.17
519,483,87,3,2023-05-13,88.17,264.51
592,129,87,3,2023-12-18,88.17,264.51
660,38,87,1,2023-10-21,88.17,88.17
678,55,87,1,2023-06-07,88.17,88.17
844,475,87,4,2023-09-22,88.17,352.68
975,387,87,1,2024-03-02,88.17,88.17
980,500,87,2,2023-07-14,88.17,176.34
982,262,87,2,2023-01-07,88.17,176.34
1009,238,87,1,2023-06-13,88.17,88.17
1242,424,87,2,2024-03-12,88.17,176.34
1253,309,87,2,2023-09-25,88.17,176.34
1369,109,87,4,2023-11-12,88.17,352.68
1394,341,87,3,2023-12-02,88.17,264.51
1576,421,87,2,2023-06-12,88.17,176.34
1591,479,87,1,2024-08-22,88.17,88.17
1603,116,87,4,2023-04-06,88.17,352.68
1625,363,87,4,2023-05-07,88.17,352.68
1746,425,87,2,2023-04-24,88.17,176.34
1777,179,87,1,2024-03-18,88.17,88.17
1851,37,87,1,2023-06-29,88.17,88.17
1923,221,87,1,2024-02-20,88.17,88.17
1958,366,87,2,2024-06-20,88.17,176.34
2079,227,87,3,2024-08-06,88.17,264.51
2099,470,87,2,2023-09-13,88.17,176.34
2106,162,87,1,2024-03-29,88.17,88.17
2137,303,87,4,2024-04-16,88.17,352.68
2328,93,87,3,2024-04-30,88.17,264.51
2376,273,87,2,2023-05-11,88.17,176.34
2517,279,87,2,2023-12-19,88.17,176.34
2595,499,87,2,2023-06-07,88.17,176.34
2688,245,87,3,2023-10-01,88.17,264.51
2697,183,87,3,2023-12-22,88.17,264.51
2752,148,87,4,2024-04-22,88.17,352.68
2906,258,87,1,2024-07-16,88.17,88.17
126,226,76,2,2024-07-15,179.94,359.88
253,266,76,1,2023-08-24,179.94,179.94
333,181,76,1,2023-05-10,179.94,179.94
348,183,76,4,2023-05-27,179.94,719.76
393,214,76,4,2023-04-22,179.94,719.76
533,126,76,4,2023-12-04,179.94,719.76
694,366,76,2,2024-03-17,179.94,359.88
716,146,76,3,2023-04-06,179.94,539.8199999999999
774,468,76,4,2023-08-28,179.94,719.76
936,138,76,2,2023-03-21,179.94,359.88
946,20,76,1,2023-04-27,179.94,179.94
969,369,76,1,2023-07-08,179.94,179.94
1045,137,76,4,2024-02-21,179.94,719.76
1065,128,76,3,2024-08-22,179.94,539.8199999999999
1241,164,76,1,2024-02-29,179.94,179.94
1282,267,76,4,2023-07-20,179.94,719.76
1298,393,76,1,2024-04-15,179.94,179.94
1329,179,76,4,2024-08-01,179.94,719.76
1506,93,76,1,2024-03-07,179.94,179.94
1541,375,76,3,2024-01-16,179.94,539.8199999999999
1658,401,76,2,2024-06-24,179.94,359.88
1872,430,76,3,2023-03-30,179.94,539.8199999999999
2039,217,76,4,2024-07-12,179.94,719.76
2059,201,76,4,2024-01-17,179.94,719.76
2555,323,76,2,2024-06-07,179.94,359.88
2733,339,76,4,2023-09-07,179.94,719.76
2834,392,76,3,2024-08-20,179.94,539.8199999999999
130,151,30,1,2024-08-22,101.91,101.91
150,262,30,3,2023-10-13,101.91,305.73
243,254,30,3,2023-02-11,101.91,305.73
286,380,30,2,2023-11-13,101.91,203.82
449,368,30,4,2023-07-24,101.91,407.64
577,23,30,1,2023-12-30,101.91,101.91
823,182,30,4,2023-01-02,101.91,407.64
846,70,30,2,2024-04-03,101.91,203.82
988,178,30,1,2023-07-22,101.91,101.91
1042,246,30,4,2023-03-08,101.91,407.64
1187,251,30,1,2023-01-31,101.91,101.91
1254,227,30,3,2023-06-18,101.91,305.73
1330,132,30,3,2024-03-30,101.91,305.73
1366,449,30,4,2023-02-22,101.91,407.64
1476,332,30,4,2023-01-24,101.91,407.64
1761,250,30,2,2023-01-12,101.91,203.82
1766,446,30,1,2023-07-15,101.91,101.91
1836,303,30,3,2024-08-19,101.91,305.73
1837,163,30,1,2023-02-08,101.91,101.91
1862,127,30,4,2023-11-03,101.91,407.64
2103,343,30,3,2024-07-06,101.91,305.73
2202,16,30,4,2023-12-14,101.91,407.64
2303,422,30,2,2023-04-29,101.91,203.82
2534,475,30,4,2024-04-25,101.91,407.64
2579,168,30,1,2023-06-24,101.91,101.91
2590,303,30,3,2024-02-13,101.91,305.73
2722,247,30,3,2024-06-09,101.91,305.73
2888,414,30,2,2024-05-19,101.91,203.82
137,475,13,1,2023-10-17,234.43,234.43
183,66,13,3,2024-01-20,234.43,703.29
199,164,13,2,2023-06-17,234.43,468.86
336,173,13,1,2023-04-16,234.43,234.43
377,60,13,2,2024-06-14,234.43,468.86
442,352,13,3,2023-01-04,234.43,703.29
558,283,13,2,2024-04-13,234.43,468.86
649,24,13,2,2024-02-15,234.43,468.86
690,60,13,4,2023-04-19,234.43,937.72
702,486,13,1,2024-08-06,234.43,234.43
733,240,13,4,2024-08-07,234.43,937.72
789,129,13,1,2023-10-14,234.43,234.43
814,391,13,3,2023-07-27,234.43,703.29
824,479,13,2,2024-06-19,234.43,468.86
829,44,13,1,2023-07-26,234.43,234.43
917,22,13,2,2023-07-23,234.43,468.86
1088,60,13,4,2024-07-11,234.43,937.72
1102,76,13,2,2024-08-03,234.43,468.86
1128,273,13,1,2024-05-17,234.43,234.43
1153,456,13,4,2024-05-26,234.43,937.72
1314,174,13,3,2023-10-15,234.43,703.29
1371,355,13,1,2023-10-06,234.43,234.43
1606,486,13,2,2024-03-04,234.43,468.86
1668,397,13,2,2024-05-15,234.43,468.86
1669,162,13,1,2023-10-24,234.43,234.43
1734,47,13,1,2023-08-31,234.43,234.43
1997,88,13,2,2023-06-08,234.43,468.86
2028,460,13,3,2024-07-15,234.43,703.29
2228,157,13,4,2023-09-02,234.43,937.72
2242,119,13,4,2023-08-20,234.43,937.72
2244,312,13,2,2023-12-19,234.43,468.86
2273,351,13,4,2024-03-24,234.43,937.72
2426,101,13,4,2023-08-08,234.43,937.72
2520,399,13,3,2023-12-19,234.43,703.29
2749,43,13,3,2023-09-17,234.43,703.29
2894,207,13,4,2024-07-22,234.43,937.72
2990,47,13,3,2024-03-27,234.43,703.29
141,331,45,2,2023-05-28,271.88,543.76
237,316,45,4,2024-07-23,271.88,1087.52
260,415,45,4,2024-08-04,271.88,1087.52
264,471,45,1,2023-12-15,271.88,271.88
302,7,45,4,2024-06-23,271.88,1087.52
373,393,45,2,2023-03-16,271.88,543.76
586,111,45,1,2023-11-16,271.88,271.88
790,280,45,2,2024-04-16,271.88,543.76
1093,431,45,2,2024-04-23,271.88,543.76
1167,227,45,4,2024-06-12,271.88,1087.52
1180,252,45,2,2024-02-15,271.88,543.76
1196,142,45,4,2024-04-26,271.88,1087.52
1276,62,45,2,2024-04-17,271.88,543.76
1367,441,45,3,2023-03-18,271.88,815.64
1545,122,45,3,2023-05-26,271.88,815.64
1556,41,45,2,2024-01-05,271.88,543.76
1617,443,45,2,2024-04-25,271.88,543.76
1666,489,45,1,2024-01-16,271.88,271.88
1747,46,45,3,2023-01-26,271.88,815.64
1768,407,45,3,2023-03-27,271.88,815.64
1919,382,45,3,2023-09-30,271.88,815.64
1956,178,45,4,2023-09-28,271.88,1087.52
2027,56,45,2,2024-06-15,271.88,543.76
2036,417,45,2,2023-05-17,271.88,543.76
2048,13,45,3,2023-11-19,271.88,815.64
2086,210,45,1,2023-09-04,271.88,271.88
2113,3,45,1,2024-02-25,271.88,271.88
2134,138,45,4,2024-06-13,271.88,1087.52
2151,163,45,1,2024-08-17,271.88,271.88
2169,321,45,1,2024-05-06,271.88,271.88
2193,153,45,2,2024-02-13,271.88,543.76
2317,446,45,3,2023-10-20,271.88,815.64
2664,104,45,4,2024-06-28,271.88,1087.52
2765,206,45,2,2024-03-09,271.88,543.76
2796,376,45,3,2023-04-13,271.88,815.64
2878,475,45,1,2024-08-13,271.88,271.88
142,323,17,4,2024-07-26,242.2,968.8
197,310,17,3,2024-07-18,242.2,726.5999999999999
210,483,17,1,2024-04-08,242.2,242.2
321,471,17,2,2023-10-20,242.2,484.4
610,231,17,4,2023-12-11,242.2,968.8
679,500,17,1,2024-07-02,242.2,242.2
696,406,17,3,2023-08-10,242.2,726.5999999999999
802,84,17,3,2023-02-16,242.2,726.5999999999999
822,400,17,1,2023-08-05,242.2,242.2
876,305,17,2,2023-02-17,242.2,484.4
902,169,17,4,2023-06-27,242.2,968.8
1085,434,17,2,2023-03-21,242.2,484.4
1086,134,17,4,2023-01-31,242.2,968.8
1089,428,17,2,2024-07-17,242.2,484.4
1125,176,17,3,2023-10-16,242.2,726.5999999999999
1146,47,17,2,2024-02-12,242.2,484.4
1219,426,17,4,2023-02-02,242.2,968.8
1316,15,17,2,2023-07-19,242.2,484.4
1428,1,17,1,2024-03-31,242.2,242.2
1584,202,17,2,2023-06-12,242.2,484.4
1598,64,17,3,2023-05-19,242.2,726.5999999999999
1763,102,17,1,2023-01-01,242.2,242.2
1797,369,17,4,2023-04-05,242.2,968.8
1828,194,17,1,2023-06-16,242.2,242.2
2140,46,17,2,2023-01-22,242.2,484.4
2315,62,17,4,2024-07-08,242.2,968.8
2401,342,17,3,2023-01-30,242.2,726.5999999999999
2460,206,17,2,2023-01-01,242.2,484.4
2592,476,17,4,2024-07-12,242.2,968.8
2631,202,17,2,2023-09-18,242.2,484.4
2769,114,17,1,2024-06-25,242.2,242.2
2779,113,17,4,2023-05-14,242.2,968.8
2792,412,17,1,2023-06-15,242.2,242.2
2798,33,17,4,2024-07-28,242.2,968.8
2832,361,17,1,2023-08-14,242.2,242.2
2963,367,17,1,2024-01-06,242.2,242.2
2981,493,17,1,2024-06-16,242.2,242.2
2982,168,17,2,2023-05-04,242.2,484.4
144,190,66,3,2023-05-29,475.94,1427.82
235,146,66,2,2023-06-25,475.94,951.88
248,287,66,1,2023-11-16,475.94,475.94
262,463,66,4,2023-06-18,475.94,1903.76
477,164,66,2,2024-03-21,475.94,951.88
560,95,66,2,2023-01-09,475.94,951.88
563,407,66,3,2023-07-28,475.94,1427.82
898,354,66,4,2024-03-09,475.94,1903.76
907,98,66,3,2024-02-21,475.94,1427.82
987,379,66,3,2023-08-30,475.94,1427.82
1171,302,66,2,2023-03-25,475.94,951.88
1181,333,66,2,2023-06-22,475.94,951.88
1421,494,66,3,2023-12-11,475.94,1427.82
1425,127,66,1,2023-12-04,475.94,475.94
1470,239,66,1,2023-03-11,475.94,475.94
1502,454,66,2,2023-09-24,475.94,951.88
1516,419,66,1,2023-11-16,475.94,475.94
1526,49,66,3,2024-01-26,475.94,1427.82
1616,344,66,4,2023-03-08,475.94,1903.76
1645,35,66,1,2024-07-03,475.94,475.94
1840,264,66,1,2024-02-18,475.94,475.94
1900,234,66,1,2023-12-26,475.94,475.94
2034,218,66,3,2024-07-19,475.94,1427.82
2143,102,66,3,2023-03-18,475.94,1427.82
2154,111,66,4,2023-08-09,475.94,1903.76
2483,41,66,4,2023-03-28,475.94,1903.76
2828,280,66,2,2023-06-15,475.94,951.88
2904,100,66,2,2023-02-20,475.94,951.88
2921,379,66,3,2023-11-13,475.94,1427.82
157,101,34,3,2024-04-05,125.52,376.56
185,130,34,2,2023-09-10,125.52,251.04
621,234,34,1,2024-02-22,125.52,125.52
951,372,34,2,2023-12-02,125.52,251.04
974,254,34,1,2023-03-13,125.52,125.52
1061,102,34,2,2023-02-10,125.52,251.04
1113,469,34,2,2023-04-23,125.52,251.04
1370,241,34,3,2023-06-14,125.52,376.56
1402,382,34,3,2023-02-25,125.52,376.56
1498,39,34,2,2024-07-19,125.52,251.04
1539,99,34,3,2024-05-17,125.52,376.56
1795,337,34,1,2024-07-13,125.52,125.52
2187,162,34,4,2023-06-09,125.52,502.08
2191,480,34,4,2023-01-11,125.52,502.08
2322,397,34,3,2024-02-02,125.52,376.56
2428,377,34,3,2024-07-17,125.52,376.56
2490,354,34,4,2023-09-23,125.52,502.08
2516,132,34,4,2024-07-04,125.52,502.08
2639,139,34,3,2024-04-12,125.52,376.56
2699,65,34,2,2023-05-05,125.52,251.04
2926,414,34,3,2023-03-22,125.52,376.56
2978,170,34,1,2023-01-05,125.52,125.52
165,82,15,1,2024-08-09,432.35,432.35
238,447,15,3,2024-04-11,432.35,1297.0500000000002
440,261,15,3,2023-02-22,432.35,1297.0500000000002
532,149,15,2,2023-12-27,432.35,864.7
628,14,15,1,2024-08-02,432.35,432.35
697,152,15,4,2024-06-11,432.35,1729.4
698,109,15,2,2023-10-05,432.35,864.7
800,57,15,2,2023-09-01,432.35,864.7
838,363,15,3,2024-07-27,432.35,1297.0500000000002
860,154,15,1,2023-03-01,432.35,432.35
967,284,15,2,2024-04-05,432.35,864.7
999,297,15,4,2024-04-20,432.35,1729.4
1099,226,15,2,2024-04-11,432.35,864.7
1131,139,15,3,2023-08-06,432.35,1297.0500000000002
1176,401,15,4,2024-03-15,432.35,1729.4
1208,344,15,3,2024-03-11,432.35,1297.0500000000002
1340,342,15,3,2024-04-30,432.35,1297.0500000000002
1528,223,15,1,2023-10-25,432.35,432.35
1582,275,15,2,2024-01-16,432.35,864.7
1876,414,15,4,2024-01-11,432.35,1729.4
1931,437,15,3,2023-07-21,432.35,1297.0500000000002
1967,205,15,4,2023-05-01,432.35,1729.4
2208,135,15,1,2024-08-14,432.35,432.35
2218,217,15,3,2023-02-25,432.35,1297.0500000000002
2293,370,15,2,2024-07-13,432.35,864.7
2411,156,15,1,2024-08-21,432.35,432.35
2738,390,15,1,2023-10-30,432.35,432.35
2750,458,15,2,2023-11-16,432.35,864.7
2812,289,15,3,2023-12-09,432.35,1297.0500000000002
2951,145,15,2,2024-08-14,432.35,864.7
2959,341,15,2,2023-07-28,432.35,864.7
167,291,24,2,2024-06-24,305.91,611.82
456,409,24,1,2023-04-16,305.91,305.91
486,351,24,1,2023-01-16,305.91,305.91
673,3,24,3,2023-09-23,305.91,917.73
803,152,24,3,2024-08-13,305.91,917.73
953,143,24,4,2023-05-27,305.91,1223.64
961,270,24,4,2024-03-03,305.91,1223.64
1144,248,24,2,2023-08-14,305.91,611.82
1175,460,24,1,2023-06-03,305.91,305.91
1456,177,24,1,2024-06-02,305.91,305.91
1520,301,24,2,2023-09-07,305.91,611.82
1532,294,24,2,2023-10-23,305.91,611.82
1810,189,24,4,2023-09-11,305.91,1223.64
1857,136,24,3,2023-04-03,305.91,917.73
1972,12,24,3,2024-03-21,305.91,917.73
2024,177,24,2,2023-09-12,305.91,611.82
2159,372,24,2,2023-06-19,305.91,611.82
2326,478,24,2,2024-06-29,305.91,611.82
2335,209,24,2,2023-08-09,305.91,611.82
2402,93,24,2,2023-09-23,305.91,611.82
2568,181,24,2,2023-01-13,305.91,611.82
2790,5,24,3,2023-09-29,305.91,917.73
2851,425,24,1,2023-10-16,305.91,305.91
168,158,72,1,2023-06-14,307.44,307.44
568,171,72,3,2024-01-28,307.44,922.3199999999999
633,20,72,4,2023-11-17,307.44,1229.76
745,400,72,1,2023-02-20,307.44,307.44
763,245,72,4,2023-11-26,307.44,1229.76
764,403,72,4,2024-02-13,307.44,1229.76
805,36,72,2,2024-01-15,307.44,614.88
809,364,72,1,2023-03-14,307.44,307.44
866,165,72,1,2023-01-25,307.44,307.44
891,327,72,1,2023-01-02,307.44,307.44
937,99,72,4,2024-04-17,307.44,1229.76
1024,114,72,3,2023-08-20,307.44,922.3199999999999
1049,375,72,3,2023-08-29,307.44,922.3199999999999
1097,213,72,3,2024-03-08,307.44,922.3199999999999
1308,343,72,3,2023-08-01,307.44,922.3199999999999
1621,260,72,3,2024-04-15,307.44,922.3199999999999
1679,416,72,2,2023-01-08,307.44,614.88
1680,109,72,2,2024-06-27,307.44,614.88
1715,275,72,2,2023-05-08,307.44,614.88
1856,232,72,4,2023-09-22,307.44,1229.76
1977,338,72,3,2023-07-03,307.44,922.3199999999999
2088,397,72,1,2024-02-21,307.44,307.44
2309,122,72,2,2023-01-08,307.44,614.88
2353,187,72,4,2023-02-21,307.44,1229.76
2364,358,72,4,2024-05-16,307.44,1229.76
2565,69,72,4,2023-05-10,307.44,1229.76
2843,325,72,2,2023-04-23,307.44,614.88
2862,208,72,2,2024-08-08,307.44,614.88
2966,93,72,4,2023-09-25,307.44,1229.76
2970,410,72,1,2024-01-12,307.44,307.44
186,419,93,3,2023-04-16,322.78,968.3399999999999
225,444,93,3,2023-08-27,322.78,968.3399999999999
268,149,93,4,2024-02-24,322.78,1291.12
269,329,93,2,2024-06-03,322.78,645.56
538,135,93,1,2023-11-17,322.78,322.78
640,211,93,4,2023-07-11,322.78,1291.12
778,192,93,3,2024-07-03,322.78,968.3399999999999
826,217,93,1,2023-06-14,322.78,322.78
879,345,93,3,2024-03-06,322.78,968.3399999999999
1034,380,93,1,2023-05-09,322.78,322.78
1191,91,93,3,2023-12-10,322.78,968.3399999999999
1203,334,93,1,2023-11-16,322.78,322.78
1327,276,93,3,2024-05-02,322.78,968.3399999999999
1374,291,93,1,2023-08-06,322.78,322.78
1400,363,93,4,2023-01-24,322.78,1291.12
1767,216,93,3,2023-05-13,322.78,968.3399999999999
1897,145,93,1,2024-08-02,322.78,322.78
1945,446,93,4,2023-10-09,322.78,1291.12
2175,465,93,3,2023-11-04,322.78,968.3399999999999
2227,489,93,4,2024-05-17,322.78,1291.12
2432,141,93,3,2023-03-30,322.78,968.3399999999999
2436,265,93,3,2023-04-21,322.78,968.3399999999999
2451,404,93,4,2023-08-12,322.78,1291.12
2580,391,93,1,2024-05-28,322.78,322.78
2610,435,93,4,2023-12-08,322.78,1291.12
2961,409,93,4,2024-02-17,322.78,1291.12
191,256,64,1,2024-01-28,26.49,26.49
267,99,64,4,2023-06-13,26.49,105.96
275,80,64,1,2023-07-27,26.49,26.49
310,133,64,1,2024-08-15,26.49,26.49
327,13,64,4,2023-08-03,26.49,105.96
528,431,64,1,2023-04-12,26.49,26.49
611,219,64,1,2024-02-04,26.49,26.49
638,70,64,4,2023-04-13,26.49,105.96
657,359,64,3,2023-08-17,26.49,79.47
670,4,64,1,2023-05-15,26.49,26.49
889,383,64,3,2024-02-17,26.49,79.47
957,79,64,3,2024-07-23,26.49,79.47
1018,263,64,2,2024-06-16,26.49,52.98
1027,486,64,1,2023-01-28,26.49,26.49
1051,129,64,2,2023-06-25,26.49,52.98
1122,75,64,4,2024-05-26,26.49,105.96
1279,158,64,4,2023-11-13,26.49,105.96
1280,268,64,2,2024-08-20,26.49,52.98
1348,257,64,4,2023-12-31,26.49,105.96
1708,252,64,3,2023-10-03,26.49,79.47
1774,499,64,3,2023-01-21,26.49,79.47
1776,465,64,3,2024-07-31,26.49,79.47
2098,440,64,1,2024-08-08,26.49,26.49
2162,171,64,1,2024-01-16,26.49,26.49
2256,90,64,1,2024-04-29,26.49,26.49
2282,216,64,1,2024-02-10,26.49,26.49
2438,248,64,1,2023-10-05,26.49,26.49
2475,154,64,1,2023-02-04,26.49,26.49
2487,193,64,4,2024-04-11,26.49,105.96
2629,287,64,2,2023-11-05,26.49,52.98
2679,251,64,2,2023-07-17,26.49,52.98
2732,168,64,4,2024-05-01,26.49,105.96
2743,446,64,4,2023-01-16,26.49,105.96
2930,449,64,3,2023-10-01,26.49,79.47
2952,330,64,1,2023-01-16,26.49,26.49
196,253,26,1,2023-12-06,407.43,407.43
201,270,26,4,2024-03-27,407.43,1629.72
217,392,26,1,2023-05-05,407.43,407.43
566,461,26,1,2023-07-10,407.43,407.43
652,293,26,4,2023-01-28,407.43,1629.72
955,232,26,4,2023-03-22,407.43,1629.72
972,409,26,2,2023-01-02,407.43,814.86
1114,163,26,1,2024-03-31,407.43,407.43
1441,301,26,2,2024-06-24,407.43,814.86
1459,338,26,1,2023-03-27,407.43,407.43
1683,497,26,2,2024-01-29,407.43,814.86
1700,397,26,4,2023-07-31,407.43,1629.72
1725,374,26,4,2023-01-29,407.43,1629.72
1751,371,26,2,2023-03-03,407.43,814.86
1985,79,26,3,2024-03-22,407.43,1222.29
2020,399,26,1,2024-05-13,407.43,407.43
2046,405,26,1,2024-08-16,407.43,407.43
2071,28,26,3,2023-12-25,407.43,1222.29
2092,16,26,4,2023-04-18,407.43,1629.72
2214,331,26,2,2024-07-20,407.43,814.86
2337,331,26,4,2023-05-23,407.43,1629.72
2623,310,26,3,2024-06-21,407.43,1222.29
2668,379,26,3,2023-08-28,407.43,1222.29
2674,167,26,3,2023-02-23,407.43,1222.29
2693,76,26,2,2024-01-08,407.43,814.86
2817,79,26,3,2024-08-20,407.43,1222.29
2819,14,26,4,2023-12-17,407.43,1629.72
2820,215,26,2,2024-06-08,407.43,814.86
2841,6,26,4,2024-02-13,407.43,1629.72
2872,295,26,1,2023-11-15,407.43,407.43
2877,20,26,4,2024-04-24,407.43,1629.72
2884,84,26,3,2024-08-04,407.43,1222.29
2898,481,26,1,2024-03-29,407.43,407.43
2964,271,26,2,2023-10-17,407.43,814.86
207,381,53,1,2023-02-17,342.15,342.15
241,349,53,1,2024-06-30,342.15,342.15
383,314,53,4,2024-06-08,342.15,1368.6
591,72,53,2,2023-12-21,342.15,684.3
607,405,53,2,2023-01-14,342.15,684.3
685,158,53,3,2023-11-28,342.15,1026.4499999999998
753,107,53,3,2024-01-11,342.15,1026.4499999999998
843,417,53,1,2023-05-21,342.15,342.15
970,447,53,3,2024-04-08,342.15,1026.4499999999998
1029,220,53,4,2023-09-17,342.15,1368.6
1419,192,53,2,2023-06-23,342.15,684.3
1453,493,53,4,2023-10-08,342.15,1368.6
1642,170,53,4,2024-02-07,342.15,1368.6
1675,435,53,3,2023-07-16,342.15,1026.4499999999998
1731,267,53,1,2024-03-31,342.15,342.15
1773,249,53,1,2023-06-24,342.15,342.15
1793,116,53,2,2023-10-19,342.15,684.3
1846,135,53,4,2023-07-23,342.15,1368.6
1926,295,53,4,2024-04-24,342.15,1368.6
2045,213,53,2,2024-01-14,342.15,684.3
2618,228,53,1,2023-09-27,342.15,342.15
2636,254,53,1,2023-09-13,342.15,342.15
2826,404,53,2,2023-10-07,342.15,684.3
2945,106,53,2,2024-02-11,342.15,684.3
2956,178,53,3,2023-05-21,342.15,1026.4499999999998
211,425,43,1,2024-03-28,157.11,157.11
429,139,43,2,2023-05-16,157.11,314.22
476,149,43,2,2023-06-07,157.11,314.22
480,488,43,2,2023-08-12,157.11,314.22
546,235,43,4,2023-09-28,157.11,628.44
570,189,43,1,2023-07-15,157.11,157.11
830,329,43,3,2023-10-09,157.11,471.33000000000004
874,421,43,3,2024-07-22,157.11,471.33000000000004
914,341,43,3,2023-03-06,157.11,471.33000000000004
1177,39,43,1,2023-09-21,157.11,157.11
1195,38,43,1,2023-12-08,157.11,157.11
1218,387,43,4,2023-05-03,157.11,628.44
1315,47,43,1,2023-02-16,157.11,157.11
1372,424,43,4,2023-01-27,157.11,628.44
1463,478,43,1,2024-01-16,157.11,157.11
1594,395,43,1,2023-10-30,157.11,157.11
1667,305,43,1,2024-07-14,157.11,157.11
1677,42,43,1,2023-04-01,157.11,157.11
1685,430,43,1,2023-07-10,157.11,157.11
1706,273,43,2,2023-10-06,157.11,314.22
1727,64,43,4,2023-11-04,157.11,628.44
1799,352,43,3,2023-03-15,157.11,471.33000000000004
1814,480,43,3,2024-08-06,157.11,471.33000000000004
1884,188,43,4,2023-01-19,157.11,628.44
1990,154,43,2,2023-06-03,157.11,314.22
1993,214,43,2,2024-06-03,157.11,314.22
1998,306,43,3,2024-07-24,157.11,471.33000000000004
2053,11,43,2,2024-07-23,157.11,314.22
2100,481,43,3,2023-03-22,157.11,471.33000000000004
2459,346,43,3,2023-10-20,157.11,471.33000000000004
2505,403,43,3,2023-01-20,157.11,471.33000000000004
2525,392,43,3,2024-04-09,157.11,471.33000000000004
2630,426,43,4,2023-07-05,157.11,628.44
2710,369,43,4,2023-07-02,157.11,628.44
2762,485,43,3,2023-11-07,157.11,471.33000000000004
2871,439,43,4,2023-05-12,157.11,628.44
266,393,20,1,2023-01-14,193.2,193.2
427,366,20,2,2023-09-10,193.2,386.4
482,374,20,2,2023-09-21,193.2,386.4
542,203,20,1,2023-03-24,193.2,193.2
550,285,20,4,2023-06-07,193.2,772.8
572,184,20,1,2024-02-24,193.2,193.2
606,10,20,3,2024-01-21,193.2,579.5999999999999
622,90,20,3,2023-10-10,193.2,579.5999999999999
707,19,20,3,2023-08-22,193.2,579.5999999999999
793,326,20,2,2024-07-13,193.2,386.4
956,213,20,1,2024-01-10,193.2,193.2
1118,307,20,2,2023-07-16,193.2,386.4
1138,381,20,3,2023-04-25,193.2,579.5999999999999
1353,214,20,3,2023-03-18,193.2,579.5999999999999
1386,190,20,2,2024-08-09,193.2,386.4
1393,295,20,3,2023-05-17,193.2,579.5999999999999
1513,81,20,1,2023-01-01,193.2,193.2
1558,23,20,2,2024-03-11,193.2,386.4
1637,426,20,4,2024-03-15,193.2,772.8
1660,224,20,4,2023-07-30,193.2,772.8
1689,300,20,4,2023-04-05,193.2,772.8
2031,401,20,4,2023-03-10,193.2,772.8
2138,53,20,1,2024-01-06,193.2,193.2
2223,132,20,3,2024-04-21,193.2,579.5999999999999
2268,181,20,2,2023-09-14,193.2,386.4
2355,446,20,3,2023-06-30,193.2,579.5999999999999
2474,58,20,4,2023-04-19,193.2,772.8
2561,248,20,3,2024-03-31,193.2,579.5999999999999
2806,379,20,3,2023-08-24,193.2,579.5999999999999
2867,166,20,1,2024-01-08,193.2,193.2
2914,309,20,1,2023-03-03,193.2,193.2
283,273,95,3,2023-10-04,275.62,826.86
324,423,95,2,2023-02-23,275.62,551.24
439,261,95,4,2023-10-18,275.62,1102.48
600,224,95,2,2023-05-27,275.62,551.24
604,491,95,3,2023-05-24,275.62,826.86
655,310,95,2,2023-12-17,275.62,551.24
681,376,95,1,2023-10-26,275.62,275.62
682,254,95,1,2024-04-07,275.62,275.62
741,75,95,3,2023-09-10,275.62,826.86
842,178,95,1,2024-06-16,275.62,275.62
875,472,95,3,2024-03-08,275.62,826.86
976,456,95,2,2023-06-19,275.62,551.24
1057,269,95,3,2023-08-17,275.62,826.86
1406,37,95,2,2024-03-25,275.62,551.24
1418,397,95,3,2023-11-13,275.62,826.86
1444,476,95,2,2024-05-31,275.62,551.24
1570,290,95,1,2024-05-16,275.62,275.62
1614,414,95,3,2023-03-22,275.62,826.86
1696,447,95,2,2024-03-10,275.62,551.24
1861,201,95,2,2024-07-26,275.62,551.24
1891,83,95,4,2023-08-10,275.62,1102.48
1909,184,95,4,2023-04-03,275.62,1102.48
2207,461,95,3,2024-03-24,275.62,826.86
2233,79,95,2,2023-06-04,275.62,551.24
2264,301,95,4,2024-02-28,275.62,1102.48
2400,242,95,1,2024-02-19,275.62,275.62
2803,19,95,4,2023-02-09,275.62,1102.48
2985,245,95,2,2023-12-26,275.62,551.24
292,422,31,4,2023-04-20,8.74,34.96
431,399,31,4,2023-01-03,8.74,34.96
454,256,31,2,2023-03-18,8.74,17.48
663,188,31,4,2023-07-23,8.74,34.96
777,74,31,1,2024-06-03,8.74,8.74
784,126,31,3,2023-06-18,8.74,26.22
947,154,31,3,2024-07-08,8.74,26.22
1062,223,31,3,2023-05-02,8.74,26.22
1103,476,31,1,2023-04-30,8.74,8.74
1172,500,31,3,2024-01-22,8.74,26.22
1178,393,31,3,2024-02-25,8.74,26.22
1411,277,31,4,2023-09-06,8.74,34.96
1416,41,31,3,2024-02-21,8.74,26.22
1434,456,31,3,2023-10-15,8.74,26.22
1523,357,31,2,2023-09-13,8.74,17.48
1596,369,31,2,2023-08-23,8.74,17.48
1825,277,31,4,2023-10-05,8.74,34.96
2130,313,31,1,2023-08-15,8.74,8.74
2200,126,31,3,2023-11-14,8.74,26.22
2266,267,31,3,2024-01-17,8.74,26.22
2399,88,31,3,2024-05-09,8.74,26.22
2437,438,31,2,2023-08-22,8.74,17.48
2589,342,31,2,2024-02-24,8.74,17.48
2708,452,31,2,2023-12-08,8.74,17.48
308,229,99,2,2023-05-03,250.9,501.8
464,382,99,4,2024-06-23,250.9,1003.6
674,216,99,3,2024-06-05,250.9,752.7
722,251,99,3,2023-08-13,250.9,752.7
770,69,99,2,2024-06-22,250.9,501.8
854,472,99,4,2024-03-17,250.9,1003.6
893,289,99,1,2024-01-01,250.9,250.9
926,125,99,3,2023-08-07,250.9,752.7
1015,454,99,2,2024-07-10,250.9,501.8
1080,476,99,3,2023-02-24,250.9,752.7
1150,148,99,2,2024-02-21,250.9,501.8
1186,134,99,4,2024-08-05,250.9,1003.6
1266,125,99,1,2023-01-17,250.9,250.9
1270,120,99,4,2023-03-08,250.9,1003.6
1289,325,99,2,2023-02-28,250.9,501.8
1597,294,99,3,2023-02-07,250.9,752.7
1636,30,99,4,2024-05-11,250.9,1003.6
1714,250,99,2,2023-08-24,250.9,501.8
1822,298,99,3,2024-03-02,250.9,752.7
2072,41,99,4,2024-07-27,250.9,1003.6
2074,303,99,2,2024-08-03,250.9,501.8
2157,268,99,2,2024-03-12,250.9,501.8
2219,456,99,3,2024-06-10,250.9,752.7
2240,104,99,4,2023-01-12,250.9,1003.6
2278,49,99,2,2023-09-03,250.9,501.8
2387,8,99,3,2024-02-16,250.9,752.7
2395,39,99,4,2024-02-05,250.9,1003.6
2577,313,99,2,2023-11-21,250.9,501.8
2842,58,99,4,2023-05-05,250.9,1003.6
311,183,44,3,2024-05-09,402.5,1207.5
350,282,44,1,2024-01-14,402.5,402.5
517,376,44,3,2023-03-14,402.5,1207.5
675,229,44,1,2024-05-10,402.5,402.5
717,319,44,1,2024-05-24,402.5,402.5
853,148,44,1,2023-11-21,402.5,402.5
971,66,44,2,2024-01-14,402.5,805.0
1130,108,44,1,2024-01-18,402.5,402.5
1143,424,44,3,2024-01-22,402.5,1207.5
1401,310,44,4,2024-04-29,402.5,1610.0
1583,157,44,1,2024-06-16,402.5,402.5
1587,476,44,2,2023-02-24,402.5,805.0
1624,430,44,4,2024-06-14,402.5,1610.0
1855,141,44,2,2023-09-10,402.5,805.0
1879,75,44,3,2024-08-04,402.5,1207.5
1901,380,44,4,2023-01-08,402.5,1610.0
1973,119,44,4,2024-01-23,402.5,1610.0
2049,101,44,2,2023-05-02,402.5,805.0
2114,28,44,2,2023-08-01,402.5,805.0
2375,354,44,2,2024-08-17,402.5,805.0
2604,30,44,3,2023-02-16,402.5,1207.5
2635,255,44,2,2023-08-12,402.5,805.0
2672,407,44,1,2023-08-04,402.5,402.5
2892,323,44,2,2023-06-10,402.5,805.0
2927,25,44,1,2024-01-31,402.5,402.5
328,213,90,1,2024-04-04,112.29,112.29
355,252,90,4,2023-12-20,112.29,449.16
359,233,90,4,2024-07-07,112.29,449.16
556,463,90,4,2023-01-23,112.29,449.16
576,19,90,3,2023-12-31,112.29,336.87
708,432,90,2,2023-11-09,112.29,224.58
739,78,90,2,2024-08-12,112.29,224.58
812,342,90,4,2023-10-01,112.29,449.16
912,65,90,3,2024-01-09,112.29,336.87
1047,395,90,1,2023-07-08,112.29,112.29
1087,211,90,1,2023-04-22,112.29,112.29
1117,41,90,2,2023-05-01,112.29,224.58
1168,313,90,4,2023-03-30,112.29,449.16
1291,276,90,4,2023-09-17,112.29,449.16
1303,216,90,3,2024-06-25,112.29,336.87
1323,232,90,2,2023-12-19,112.29,224.58
1500,259,90,4,2023-03-17,112.29,449.16
1507,166,90,4,2023-06-09,112.29,449.16
1634,399,90,3,2023-04-15,112.29,336.87
1682,250,90,2,2023-11-16,112.29,224.58
1800,328,90,4,2023-12-02,112.29,449.16
1832,184,90,2,2023-04-22,112.29,224.58
1845,30,90,3,2024-01-28,112.29,336.87
1850,25,90,1,2024-03-21,112.29,112.29
1852,1,90,3,2023-12-08,112.29,336.87
2132,118,90,4,2023-03-13,112.29,449.16
2261,26,90,4,2023-06-13,112.29,449.16
2346,272,90,3,2024-06-10,112.29,336.87
2551,24,90,1,2024-01-03,112.29,112.29
2720,162,90,1,2024-05-22,112.29,112.29
2756,151,90,2,2024-06-27,112.29,224.58
2815,182,90,1,2024-03-14,112.29,112.29
2873,219,90,1,2023-06-17,112.29,112.29
2891,406,90,4,2023-03-10,112.29,449.16
379,29,100,2,2024-06-21,493.95,987.9
459,463,100,1,2023-10-02,493.95,493.95
922,98,100,4,2023-08-02,493.95,1975.8
1139,272,100,3,2023-08-06,493.95,1481.85
1341,492,100,4,2024-03-24,493.95,1975.8
1365,362,100,1,2023-01-09,493.95,493.95
1375,432,100,4,2023-12-31,493.95,1975.8
1551,451,100,4,2023-02-10,493.95,1975.8
2167,346,100,3,2024-07-18,493.95,1481.85
2301,161,100,4,2023-06-28,493.95,1975.8
2383,247,100,1,2024-02-11,493.95,493.95
2485,389,100,1,2023-07-29,493.95,493.95
2511,154,100,3,2023-01-28,493.95,1481.85
2627,272,100,3,2024-01-27,493.95,1481.85
2723,388,100,2,2024-08-19,493.95,987.9
2845,318,100,3,2024-05-10,493.95,1481.85
2849,474,100,4,2023-11-17,493.95,1975.8
2902,233,100,2,2024-04-27,493.95,987.9
2922,248,100,1,2024-06-15,493.95,493.95
2931,369,100,4,2023-06-21,493.95,1975.8
389,247,70,3,2024-02-20,117.9,353.70000000000005
401,173,70,4,2024-03-14,117.9,471.6
1007,399,70,4,2023-08-23,117.9,471.6
1120,338,70,4,2023-02-08,117.9,471.6
1154,247,70,4,2023-03-26,117.9,471.6
1230,124,70,2,2024-01-22,117.9,235.8
1355,210,70,2,2024-04-29,117.9,235.8
1383,49,70,4,2024-07-05,117.9,471.6
1543,437,70,3,2023-12-30,117.9,353.70000000000005
1572,156,70,1,2023-07-26,117.9,117.9
1612,434,70,2,2024-02-20,117.9,235.8
1648,196,70,1,2024-03-25,117.9,117.9
1854,37,70,4,2024-03-18,117.9,471.6
2196,442,70,3,2024-01-22,117.9,353.70000000000005
2275,459,70,4,2023-11-03,117.9,471.6
2409,101,70,3,2023-11-26,117.9,353.70000000000005
2513,133,70,2,2023-09-17,117.9,235.8
2543,280,70,2,2024-04-26,117.9,235.8
2560,181,70,4,2024-08-08,117.9,471.6
2611,206,70,3,2024-06-07,117.9,353.70000000000005
2653,241,70,3,2023-05-13,117.9,353.70000000000005
2660,489,70,4,2024-08-12,117.9,471.6
2962,412,70,3,2024-03-02,117.9,353.70000000000005
504,124,14,1,2023-03-05,192.99,192.99
540,236,14,2,2023-05-13,192.99,385.98
740,124,14,2,2023-07-05,192.99,385.98
949,68,14,2,2024-07-02,192.99,385.98
1096,457,14,1,2024-07-17,192.99,192.99
1126,384,14,3,2023-07-19,192.99,578.97
1156,128,14,1,2024-01-19,192.99,192.99
1243,465,14,1,2024-01-03,192.99,192.99
1333,348,14,1,2023-08-20,192.99,192.99
1538,420,14,1,2024-05-05,192.99,192.99
1577,56,14,2,2023-06-22,192.99,385.98
1758,352,14,1,2023-01-25,192.99,192.99
1910,111,14,2,2024-01-29,192.99,385.98
2047,235,14,3,2023-05-26,192.99,578.97
2153,387,14,3,2023-04-22,192.99,578.97
2298,459,14,2,2024-06-10,192.99,385.98
2396,81,14,3,2024-01-09,192.99,578.97
2441,34,14,3,2023-05-08,192.99,578.97
2594,38,14,4,2024-06-16,192.99,771.96
2714,419,14,4,2023-02-15,192.99,771.96
2800,50,14,2,2023-11-02,192.99,385.98
2887,322,14,3,2024-05-11,192.99,578.97
2973,348,14,4,2023-08-15,192.99,771.96
2974,273,14,3,2023-10-30,192.99,578.97
